row_in_workbook,series,source,has_opening,d_mm,c_mm,fc_MPa,sqrt_fc,rho_percent,a_over_d,Dop_mm,Sop_mm,Num_Openings,Opening_Shape,Opening_Pos,col_shape,Vu_kN,Vu_ACI318_kN,Vu_EC2_kN,EC2_perimeter_ratio
1,0,opening_programme,False,100.0,200.0,25.6,5.059644256269407,0.39,10.0,0,1000.0,0.0,0,0,Square,201.73,200.3619125482685,159.42692977355463,1.0
2,0,opening_programme,True,100.0,200.0,24.8,4.979959839195493,0.39,10.0,300,100.0,1.0,Square,Parallel,Square,128.13,160.230207826115,125.73354309213728,0.7970499999999999
3,0,opening_programme,True,100.0,200.0,25.0,5.0,0.39,10.0,300,200.0,1.0,Square,Parallel,Square,136.7,173.25000000000003,135.4660218748962,0.8564499999999999
4,0,opening_programme,True,100.0,200.0,24.9,4.9899899799498595,0.39,10.0,300,400.0,1.0,Square,Parallel,Square,159.56,182.78333296556335,144.13093988436046,0.91245
11,1,opening_programme,False,110.0,150.0,41.6,6.44980619863884,1.62,8.181818181818182,0,1000.0,0.0,-,0,Square,249.9,243.4930836110135,319.4484977302216,1.0
12,1,opening_programme,False,110.0,150.0,41.6,6.44980619863884,1.65,8.181818181818182,0,1000.0,0.0,-,0,Square,216.4,243.4930836110135,321.4083534919488,1.0
13,1,opening_programme,False,110.0,150.0,41.6,6.44980619863884,1.58,8.181818181818182,0,1000.0,0.0,-,0,Square,259.2,243.4930836110135,316.7973506188359,1.0
14,1,opening_programme,False,110.0,150.0,39.8,6.308724118235001,1.58,8.181818181818182,0,1000.0,0.0,-,0,Square,232.3,238.16695291160775,312.1606248698078,1.0
15,1,opening_programme,True,110.0,150.0,44.5,6.670832032063167,1.28,8.181818181818182,150,0.0,1.0,Circular,Parallel,Square,187.6,215.49713557326572,252.45447616848665,0.83585
16,1,opening_programme,True,110.0,150.0,44.5,6.670832032063167,1.34,8.181818181818182,150,0.0,1.0,Circular,Parallel,Square,178.6,215.49713557326572,256.33899953278143,0.83585
17,1,opening_programme,True,110.0,150.0,44.5,6.670832032063167,1.26,8.181818181818182,150,0.0,1.0,Circular,Parallel,Square,233.7,215.49713557326572,251.13270076598116,0.83585
18,1,opening_programme,True,110.0,150.0,35.2,5.932958789676531,1.14,8.181818181818182,150,0.0,2.0,Circular,Parallel,Square,187.6,159.3401262461056,180.51886252173844,0.6717000000000001
19,1,opening_programme,True,110.0,150.0,35.2,5.932958789676531,1.08,8.181818181818182,150,0.0,2.0,Circular,Parallel,Square,213.9,159.3401262461056,177.29461967347282,0.6717000000000001
20,1,opening_programme,True,110.0,150.0,35.2,5.932958789676531,1.12,8.181818181818182,150,0.0,2.0,Circular,Parallel,Square,194.8,159.3401262461056,179.45696229111917,0.6717000000000001
21,1,opening_programme,True,110.0,150.0,41.4,6.434283176858165,1.17,8.181818181818182,150,0.0,2.0,Circular,Parallel,Square,208.4,172.80408141174198,192.2068306836973,0.6717000000000001
22,1,opening_programme,True,110.0,150.0,40.0,6.324555320336759,1.29,8.181818181818182,75,0.0,4.0,Circular,Parallel,Square,184.0,154.33744548984762,169.9115870345186,0.5813999999999999
23,2,opening_programme,False,100.0,150.0,24.02,4.901020301937138,1.13,8.5,0,1000.0,0.0,0,0,Square,235.0,161.7336699639256,200.86919157600352,1.0
24,2,opening_programme,True,100.0,150.0,24.02,4.901020301937138,1.13,8.5,200,0.0,1.0,Square,Parallel,Square,175.0,111.19189810019884,141.26125897582446,0.70325
25,2,opening_programme,True,100.0,150.0,24.02,4.901020301937138,1.13,8.5,300,0.0,1.0,Square,Parallel,Square,143.0,101.08354372745347,129.44010705157663,0.6444
26,2,opening_programme,True,100.0,150.0,24.02,4.901020301937138,1.13,8.5,400,0.0,1.0,Square,Parallel,Square,115.0,96.02127985758264,122.61055453799256,0.6104
27,2,opening_programme,True,100.0,150.0,24.02,4.901020301937138,1.13,8.5,300,100.0,1.0,Square,Parallel,Square,160.0,127.07414449065634,155.73388422887552,0.7753
28,2,opening_programme,True,100.0,150.0,24.02,4.901020301937138,1.13,8.5,300,200.0,1.0,Square,Parallel,Square,176.0,139.67319738084615,169.53359769014693,0.844
29,2,opening_programme,True,100.0,150.0,24.02,4.901020301937138,1.13,8.5,300,300.0,1.0,Square,Parallel,Square,195.0,145.560302967533,177.28714848498072,0.8826
30,2,opening_programme,True,100.0,150.0,24.02,4.901020301937138,1.13,8.5,250,0.0,1.0,Circular,Parallel,Square,180.0,129.35458923714768,157.94344533621157,0.7863
31,2,opening_programme,True,100.0,150.0,24.02,4.901020301937138,1.13,8.5,350,0.0,1.0,Circular,Parallel,Square,170.0,122.1089208227638,151.3147620142034,0.7533
32,2,opening_programme,True,100.0,150.0,24.02,4.901020301937138,1.13,8.5,450,0.0,1.0,Circular,Parallel,Square,150.0,116.52910920900838,146.50394487595815,0.7293499999999999
33,0,opening_programme,False,100.0,200.0,20.83,4.56398948289761,0.39,10.0,0,1000.0,0.0,0,0,Square,193.0,180.7339835227454,148.83718613163342,1.0
34,0,opening_programme,True,100.0,200.0,20.6,4.538722287164087,0.39,10.0,300,0.0,1.0,Square,Parallel,Square,99.03,119.82825949455096,101.51010470270668,0.68455
35,0,opening_programme,True,100.0,200.0,20.85,4.5661800227323495,0.39,10.0,300,0.0,1.0,Square,Diagonal,Square,125.86,146.91684223141334,122.52475143938888,0.82295
36,0,opening_programme,True,100.0,200.0,19.63,4.430575583375144,0.39,10.0,500,0.0,1.0,Square,Parallel,Square,76.98,105.27047586099344,89.9392360517537,0.61635
37,0,opening_programme,True,100.0,200.0,19.61,4.428317965096905,0.39,10.0,500,0.0,1.0,Square,Diagonal,Square,94.7,138.83361358550192,116.5012865402104,0.79865
38,0,opening_programme,True,100.0,200.0,20.02,4.474371464239419,0.39,10.0,300,300.0,1.0,Square,Parallel,Square,134.78,160.56514666739298,130.83548527113206,0.8907499999999999
39,0,opening_programme,True,100.0,200.0,21.24,4.608687448721165,0.39,10.0,300,300.0,1.0,Square,Diagonal,Square,172.15,160.14728015561178,134.24988038100517,0.89615
40,0,opening_programme,True,100.0,200.0,20.05,4.4777226354476225,0.39,10.0,500,300.0,1.0,Square,Parallel,Square,115.53,149.6030416660755,121.26051000040496,0.82515
41,0,opening_programme,True,100.0,200.0,20.23,4.497777228809804,0.39,10.0,500,300.0,1.0,Square,Diagonal,Square,138.83,150.7005448065206,127.04640947430154,0.86195
42,3,opening_programme,False,80.0,100.0,31.6,5.621387729022079,0.84,6.25,0,1000.0,0.0,0,0,Square,182.9,106.85133795325169,120.73132646417956,1.0
43,3,opening_programme,False,80.0,100.0,30.3,5.504543577809154,0.84,6.25,0,1000.0,0.0,0,0,Square,176.7,104.63036432699644,119.05249118965028,1.0
44,3,opening_programme,False,80.0,100.0,27.7,5.263078946776307,0.84,6.25,0,1000.0,0.0,0,0,Square,154.9,100.04060462032405,115.54492305184344,1.0
45,3,opening_programme,False,80.0,100.0,24.6,4.959838707054898,0.84,6.25,0,1000.0,0.0,0,0,Square,150.0,94.27661414369948,111.06297784905728,1.0
46,3,opening_programme,True,80.0,100.0,31.6,5.621387729022079,0.84,6.25,100,0.0,1.0,Square,Parallel,Square,140.2,80.13850346493875,90.54849484813468,0.75
47,3,opening_programme,True,80.0,100.0,30.3,5.504543577809154,0.84,6.25,100,0.0,1.0,Square,Parallel,Square,137.0,78.47277324524731,89.28936839223769,0.75
48,3,opening_programme,True,80.0,100.0,27.7,5.263078946776307,0.84,6.25,100,0.0,1.0,Square,Parallel,Square,119.3,75.03045346524304,86.65869228888258,0.75
49,3,opening_programme,True,80.0,100.0,24.6,4.959838707054898,0.84,6.25,100,0.0,1.0,Square,Parallel,Square,109.2,70.7074606077746,83.29723338679294,0.75
50,3,opening_programme,True,80.0,100.0,31.6,5.621387729022079,0.84,6.25,150,0.0,1.0,Square,Parallel,Square,120.4,71.23778701343288,82.73114145957905,0.68525
51,3,opening_programme,True,80.0,100.0,30.3,5.504543577809154,0.84,6.25,150,0.0,1.0,Square,Parallel,Square,118.2,69.75706389680852,81.58071958770786,0.68525
52,3,opening_programme,True,80.0,100.0,27.7,5.263078946776307,0.84,6.25,150,0.0,1.0,Square,Parallel,Square,100.9,66.69707110037005,79.17715852127571,0.68525
53,3,opening_programme,True,80.0,100.0,24.6,4.959838707054898,0.84,6.25,150,0.0,1.0,Square,Parallel,Square,91.6,62.854218649604455,76.1059055710665,0.68525
54,4,opening_programme,False,130.0,200.0,30.0,5.477225575051661,1.45,6.538461538461538,0,1000.0,0.0,0,0,Square,427.0,310.1643298640255,400.5559288172883,1.0
55,4,opening_programme,True,130.0,200.0,30.0,5.477225575051661,1.45,6.538461538461538,200,0.0,1.0,Square,Parallel,Square,315.0,232.6232473980191,300.41694661296617,0.75
56,4,opening_programme,True,130.0,200.0,30.0,5.477225575051661,1.45,6.538461538461538,300,0.0,1.0,Square,Parallel,Square,222.0,206.7865587203458,274.38081123984244,0.6849999999999999
57,4,opening_programme,True,130.0,200.0,30.0,5.477225575051661,1.45,6.538461538461538,400,0.0,1.0,Square,Parallel,Square,210.0,193.8527061650159,258.0781849369788,0.6443
58,4,opening_programme,True,130.0,200.0,30.0,5.477225575051661,1.45,6.538461538461538,200,0.0,1.0,Square,Diagonal,Square,339.0,258.45993607569244,339.83165000858736,0.8484
59,4,opening_programme,True,130.0,200.0,30.0,5.477225575051661,1.45,6.538461538461538,300,0.0,1.0,Square,Diagonal,Square,300.0,252.0085180145207,330.0380575490047,0.82395
60,4,opening_programme,True,130.0,200.0,30.0,5.477225575051661,1.45,6.538461538461538,400,0.0,1.0,Square,Diagonal,Square,261.0,248.1314638912204,324.1298575989497,0.8091999999999999
62,0,opening_programme,True,100.0,200.0,25.2,5.019960159204453,0.39,10.0,300,0.0,2.0,Square,Parallel,Square,110.41,82.83596897428363,68.91624855441724,0.43455
63,0,opening_programme,True,100.0,200.0,25.4,5.039841267341661,0.39,10.0,300,0.0,2.0,Square,Diagonal,Square,158.61,124.73607136670611,102.70499147977758,0.6459
64,0,opening_programme,True,100.0,200.0,25.1,5.0099900199501395,0.39,10.0,300,0.0,2.0,Square,Adjacent,Square,71.45,82.67144851600365,68.82496864818113,0.43455
65,0,opening_programme,True,100.0,200.0,25.0,5.0,0.39,10.0,500,0.0,2.0,Square,Parallel,Square,87.66,69.3,57.94614643454752,0.36635
66,0,opening_programme,True,100.0,200.0,24.9,4.9899899799498595,0.39,10.0,500,0.0,2.0,Square,Diagonal,Square,123.0,115.28194211038884,94.34972918289056,0.5972999999999999
67,0,opening_programme,True,100.0,200.0,25.5,5.049752469181039,0.39,10.0,500,0.0,2.0,Square,Adjacent,Square,56.33,69.98956922284921,58.32990693251131,0.36635
68,0,opening_programme,True,100.0,200.0,24.9,4.9899899799498595,0.39,10.0,700,0.0,2.0,Square,Parallel,Square,73.58,63.50979807041306,52.656089441012185,0.33335
69,0,opening_programme,True,100.0,200.0,25.1,5.0099900199501395,0.39,10.0,700,0.0,2.0,Square,Diagonal,Square,102.63,111.58760791414988,90.73714080898162,0.5729
70,0,opening_programme,True,100.0,200.0,25.2,5.019960159204453,0.39,10.0,700,0.0,2.0,Square,Adjacent,Square,43.15,63.89124172866513,52.8667160409964,0.33335
71,5,opening_programme,False,80.0,120.0,42.0,6.48074069840786,1.2,6.875,0,1000.0,0.0,0,0,Square,83.3,136.873243550374,158.01064127972882,1.0
72,5,opening_programme,True,80.0,120.0,42.0,6.48074069840786,1.2,6.875,100,40.0,1.0,Circular,parallel,Square,76.1,124.77364882052092,141.5301313942531,0.8956999999999999
73,5,opening_programme,True,80.0,120.0,42.0,6.48074069840786,1.2,6.875,150,15.0,1.0,Circular,parallel,Square,54.4,117.12243450605504,132.11269717398125,0.8361000000000001
74,5,opening_programme,True,80.0,120.0,42.0,6.48074069840786,1.2,6.875,100,40.0,2.0,Circular,parallel,Square,72.5,112.6740540906679,125.0496215087774,0.7914
75,5,opening_programme,True,80.0,120.0,42.0,6.48074069840786,1.2,6.875,100,40.0,2.0,Circular,diagonal,Square,81.3,105.41977218249804,127.8938130518125,0.8093999999999999
76,5,opening_programme,True,80.0,120.0,42.0,6.48074069840786,1.2,6.875,100,40.0,2.0,Circular,paralllel,Square,72.8,112.6740540906679,125.0496215087774,0.7914
77,5,opening_programme,True,80.0,120.0,42.0,6.48074069840786,1.2,6.875,100,40.0,2.0,Circular,parallel,Square,71.6,112.6740540906679,125.0496215087774,0.7914
78,6,opening_programme,False,180.0,300.0,27.0,5.196152422706632,1.16,5.555555555555555,0,1000.0,0.0,0,,Square,590.2,592.6107915048459,707.1354919533511,1.0
79,6,opening_programme,True,180.0,300.0,27.0,5.196152422706632,1.16,5.555555555555555,150,75.0,1.0,Circular,paralllel,Square,550.2,554.3873954527835,653.3578377902986,0.92395
80,6,opening_programme,True,180.0,300.0,27.0,5.196152422706632,1.16,5.555555555555555,150,75.0,2.0,Circular,paralllel,Square,517.3,516.1639994007209,599.5801836272465,0.8479
81,6,opening_programme,True,180.0,300.0,27.0,5.196152422706632,1.16,5.555555555555555,150,75.0,3.0,Circular,paralllel,Square,452.9,477.9406033486583,545.802529464194,0.77185
86,7,opening_programme,False,130.0,500.0,37.8,6.148170459575759,0.93,9.23076923076923,0,1000.0,0.0,0,0,Rectangular,475.0,664.6664120438161,557.0719025475511,1.0
87,7,opening_programme,True,130.0,500.0,32.3,5.683308895353129,0.87,9.23076923076923,400,0.0,1.0,Square,paralllel_short,Rectangular,240.0,491.5289264470688,407.0886619901543,0.7874
88,7,opening_programme,True,130.0,500.0,39.5,6.284902544988268,1.17,9.23076923076923,400,0.0,1.0,Square,paralllel_short,Rectangular,250.0,543.5585954668733,480.5177125060038,0.7874
89,7,opening_programme,True,130.0,500.0,39.1,6.252999280345393,0.52,9.23076923076923,400,0.0,1.0,Square,paralllel_short,Rectangular,237.0,540.7993969596638,365.4616260323824,0.7874
90,7,opening_programme,True,130.0,500.0,37.2,6.099180272790763,1.48,9.23076923076923,200,0.0,1.0,Square,paralllel_short,Rectangular,455.0,593.4331628377776,574.2761449504247,0.8877
91,7,opening_programme,True,130.0,500.0,34.2,5.848076606885378,1.48,9.23076923076923,200,0.0,2.0,Square,paralllel_short,Rectangular,375.0,505.7790926537316,487.762126259451,0.7754
92,7,opening_programme,True,130.0,500.0,44.0,6.6332495807108,1.01,9.23076923076923,300,0.0,1.0,Rectangular,paralllel_long,Rectangular,474.0,609.5412438207607,501.872750558244,0.8332
93,7,opening_programme,True,130.0,500.0,39.0,6.244997998398398,1.05,9.23076923076923,300,0.0,2.0,Rectangular,paralllel_long,Rectangular,411.0,472.5939705275979,390.6063463176502,0.6664
94,1,opening_programme,False,110.0,150.0,39.8,6.308724118235001,1.58,8.181818181818182,0,1000.0,0.0,0,0,Square,247.0,238.16695291160775,312.1606248698078,1.0
95,1,opening_programme,True,110.0,150.0,46.0,6.782329983125268,1.23,8.181818181818182,150,0.0,1.0,Square,paralllel,Square,221.0,192.0348911422089,226.02005667791943,0.75
96,1,opening_programme,True,110.0,150.0,46.3,6.8044103344816,1.26,8.181818181818182,150,90.0,1.0,Square,paralllel,Square,250.0,227.69851970693043,264.07948533069185,0.8674000000000001
97,1,opening_programme,True,110.0,150.0,45.9,6.774953874381729,1.23,8.181818181818182,150,180.0,1.0,Square,paralllel,Square,231.0,236.9691063537331,274.80671257220604,0.91255
98,1,opening_programme,True,110.0,150.0,41.2,6.418722614352485,1.49,8.181818181818182,150,270.0,1.0,Square,paralllel,Square,273.0,229.16166098079407,289.6299688494472,0.9353
99,8,opening_programme,False,230.0,200.0,41.02,6.404685784642366,1.57,5.434782608695652,0,1000.0,0.0,0,,Square,1051.0,836.1189198134916,1183.432820958386,1.0
100,8,opening_programme,False,230.0,200.0,33.41,5.78013840664737,1.57,5.434782608695652,0,1000.0,0.0,0,,Square,950.0,754.5855087110009,1105.190685976064,1.0
101,8,opening_programme,True,230.0,200.0,43.26,6.577233460962139,1.57,5.434782608695652,300,0.0,2.0,Rectangular,Parallel,Square,831.0,357.7972355981643,524.9016748378268,0.4357499999999999
102,8,opening_programme,True,230.0,200.0,32.89,5.734980383575867,1.57,5.434782608695652,300,0.0,2.0,Rectangular,Parallel,Square,751.0,311.9792143052465,479.07526072818166,0.4357499999999999
103,8,opening_programme,True,230.0,200.0,32.4,5.692099788303083,1.57,5.434782608695652,300,200.0,2.0,Rectangular,Parallel,Square,777.0,557.3191823725433,775.6032667432133,0.709
104,8,opening_programme,True,230.0,200.0,35.69,5.974110812497538,1.57,5.434782608695652,300,200.0,2.0,Rectangular,Parallel,Square,801.0,584.9311637624465,801.0140654839715,0.709
105,8,opening_programme,True,230.0,200.0,31.15,5.58121850495033,1.57,5.434782608695652,300,400.0,2.0,Rectangular,Parallel,Square,751.0,619.3243763766174,884.4793237713579,0.8192
106,8,opening_programme,True,230.0,200.0,31.05,5.572252686302013,1.57,5.434782608695652,300,400.0,2.0,Rectangular,Parallel,Square,739.0,618.329477137652,883.53183582193,0.8192
107,9,opening_programme,False,126.0,120.0,28.0,5.291502622129181,1.14,9.126984126984128,0,1000.0,0.0,0,0,Square,362.0,216.50034816368128,296.8950213697178,1.0
108,9,opening_programme,True,125.0,120.0,28.0,5.291502622129181,1.15,9.2,120,0.0,1.0,Square,Parallel,Square,276.0,160.43174512467914,220.1987919195004,0.75
109,9,opening_programme,True,127.0,120.0,28.0,5.291502622129181,1.13,9.05511811023622,240,0.0,1.0,Rectangular,Parallel,Square,274.0,136.9410452466955,193.74322198081865,0.6454
110,9,opening_programme,True,127.0,120.0,28.0,5.291502622129181,1.13,9.05511811023622,360,0.0,1.0,Rectangular,Parallel,Square,310.0,127.804338707836,180.05451587247444,0.5997999999999999
111,9,opening_programme,True,126.0,120.0,28.0,5.291502622129181,1.14,9.126984126984128,480,0.0,1.0,Rectangular,Parallel,Square,270.0,121.78144584207072,170.84824004720417,0.57545
112,9,opening_programme,False,128.0,360.0,31.0,5.5677643628300215,1.13,8.984375,0,1000.0,0.0,0,0,Rectangular,453.0,459.0759797709551,459.6332086400645,1.0
113,9,opening_programme,True,126.0,360.0,31.0,5.5677643628300215,1.14,9.126984126984128,120,0.0,1.0,Square,Parallel,Rectangular,427.0,412.5616201071487,407.1746544229771,0.90475
114,9,opening_programme,True,125.0,360.0,31.0,5.5677643628300215,1.15,9.2,120,0.0,2.0,Square,Parallel,Rectangular,365.0,371.3299899691028,361.0086174531448,0.8096
115,9,opening_programme,True,125.0,360.0,31.0,5.5677643628300215,1.15,9.2,240,0.0,1.0,Rectangular,Parallel,Rectangular,422.0,371.2854339347892,363.9293269940515,0.81615
116,9,opening_programme,True,127.0,360.0,31.0,5.5677643628300215,1.13,9.05511811023622,240,0.0,2.0,Rectangular,Parallel,Rectangular,427.0,303.0070753695623,287.16691527963934,0.6323
117,9,opening_programme,False,128.0,600.0,28.0,5.291502622129181,1.13,8.984375,0,1000.0,0.0,0,0,Rectangular,532.0,615.2380146964847,584.2149806252484,1.0
118,9,opening_programme,True,131.0,600.0,28.0,5.291502622129181,1.1,8.778625954198473,120,0.0,1.0,Square,Parallel,Rectangular,528.0,621.1195346771887,564.9149919274173,0.94445
119,9,opening_programme,True,129.0,600.0,28.0,5.291502622129181,1.12,8.914728682170542,120,0.0,2.0,Square,Parallel,Rectangular,534.0,589.7222070248876,523.5121179196952,0.889
120,9,opening_programme,True,130.0,600.0,28.0,5.291502622129181,1.11,8.846153846153847,240,0.0,1.0,Rectangular,Parallel,Rectangular,460.0,596.5703554219904,527.6096373719234,0.88895
121,9,opening_programme,True,130.0,600.0,28.0,5.291502622129181,1.11,8.846153846153847,240,0.0,2.0,Rectangular,Parallel,Rectangular,480.0,530.2847603751027,461.6992372030139,0.7779
122,10,opening_programme,False,130.0,200.0,36.01,6.000833275470999,1.81,8.461538461538462,0,1000.0,0.0,0,0,Square,423.0,339.81518672337177,458.3535971980779,1.0
123,10,opening_programme,True,130.0,200.0,33.87,5.819793810780585,1.7,8.461538461538462,400,0.0,1.0,Rectangular,Parallel,Square,394.0,205.97705244805184,283.362852685286,0.6443
124,10,opening_programme,True,130.0,200.0,34.14,5.842944463196617,1.69,8.461538461538462,400,0.0,1.0,Rectangular,diagonal,Square,373.0,264.69940724951846,356.1279227790394,0.8091999999999999
125,10,opening_programme,True,130.0,200.0,38.63,6.215303693304134,1.74,8.461538461538462,400,0.0,1.0,Rectangular,Parallel,Square,207.0,219.97513596526656,298.36384516552454,0.6443
126,10,opening_programme,False,130.0,600.0,35.82,5.984981202978001,1.71,8.461538461538462,0,1000.0,0.0,0,0,Rectangular,568.0,712.9405368686644,744.130226907218,1.0
127,10,opening_programme,True,130.0,600.0,36.29,6.024118192731613,1.67,8.461538461538462,400,0.0,1.0,Rectangular,Parallel,Rectangular,443.0,628.8325438313276,606.1369045720843,0.81745
128,10,opening_programme,True,130.0,600.0,36.62,6.051446108162907,1.61,8.461538461538462,400,0.0,1.0,Rectangular,diagonal,Rectangular,467.0,649.7268415283976,638.4735305888655,0.869
129,10,opening_programme,True,130.0,600.0,36.94,6.077828559609098,1.7,8.461538461538462,400,0.0,1.0,Rectangular,Parallel,Rectangular,484.0,634.4391447566602,613.3638616238887,0.81745
130,10,opening_programme,True,130.0,600.0,43.03,6.55972560401729,1.69,8.461538461538462,400,0.0,1.0,Rectangular,Parallel,Rectangular,340.0,684.7423650131327,644.1034082733287,0.81745
131,10,opening_programme,True,130.0,600.0,43.09,6.564297372910524,1.64,8.461538461538462,400,0.0,1.0,Rectangular,Parallel,Rectangular,512.0,685.2195928780192,637.9838636624763,0.81745
132,10,opening_programme,False,130.0,600.0,32.98,5.742821606144491,1.67,8.461538461538462,0,1000.0,0.0,0,0,Rectangular,508.0,684.0940982385017,718.2309067458334,1.0
133,10,opening_programme,True,130.0,600.0,33.09,5.7523908073078625,1.6,8.461538461538462,400,0.0,1.0,Rectangular,Parallel,Rectangular,428.0,600.4680566918126,579.4400330152868,0.81745
134,10,opening_programme,True,130.0,600.0,33.21,5.762811813689564,1.65,8.461538461538462,400,0.0,1.0,Rectangular,diagonal,Rectangular,383.0,618.7369846986433,623.0828033831195,0.869
135,10,opening_programme,True,130.0,600.0,37.53,6.126173356998641,1.61,8.461538461538462,400,0.0,1.0,Rectangular,Parallel,Rectangular,420.0,639.4856562876187,605.5328760264581,0.81745
136,10,opening_programme,False,130.0,600.0,39.71,6.30158710167526,1.65,8.461538461538462,0,1000.0,0.0,0,0,Rectangular,455.0,750.6551380909196,761.0321299380524,1.0
137,10,opening_programme,True,130.0,600.0,39.8,6.308724118235001,1.67,8.461538461538462,400,0.0,1.0,Rectangular,Parallel,Rectangular,511.0,658.5413679941236,625.0807070699492,0.81745
138,10,opening_programme,True,130.0,600.0,35.65,5.9707620954112715,1.67,8.461538461538462,400,0.0,1.0,Rectangular,Parallel,Rectangular,488.0,623.262923625777,602.552531575856,0.81745
139,11,opening_programme,False,130.0,1000.0,40.15,6.336402764976355,1.76,10.38461538461538,0,1000.0,0.0,0,0,Rectangular,649.0,973.585750277511,1090.0174209122413,1.0
140,11,opening_programme,True,130.0,1000.0,37.89,6.155485358604957,1.67,10.38461538461538,400,0.0,1.0,Rectangular,Parallel,Rectangular,529.0,885.7462740900181,937.2625507151728,0.8921
141,11,opening_programme,True,130.0,1000.0,35.97,5.99749947894954,1.66,10.38461538461538,400,0.0,1.0,Rectangular,Parallel,Rectangular,612.0,863.0128264232148,919.3137330926304,0.8921
142,12,opening_programme,False,50.0,150.0,35.69,5.974110812497538,0.525,10.0,0,1000.0,0.0,0,0,Square,101.65,78.85826272496752,58.72442764817412,1.0
143,12,opening_programme,True,50.0,150.0,37.1,6.0909769331364245,0.525,10.0,100,0.0,1.0,Square,Parallel,Square,90.76,66.9980662346501,48.55691733516083,0.8162499999999999
144,12,opening_programme,True,50.0,150.0,34.13,5.842088667591412,0.525,10.0,150,0.0,1.0,Square,Parallel,Square,79.87,57.83667780915498,43.39203013838037,0.75
145,12,opening_programme,True,50.0,150.0,32.83,5.729746940310715,0.525,10.0,225,0.0,1.0,Square,Parallel,Square,68.98,50.42429416338803,39.05028821597515,0.6837500000000001
146,12,opening_programme,True,50.0,150.0,36.27,6.022457969965419,0.525,10.0,150,0.0,1.0,Square,diagonal,Square,90.76,66.24438778811283,49.88950223121368,0.845
147,12,opening_programme,True,50.0,150.0,36.5,6.041522986797286,0.525,10.0,150,70.0,1.0,Square,Parallel,Square,88.94,69.43667365277804,50.49764097409043,0.8534999999999999
148,13,opening_programme,False,150.0,300.0,44.17,6.646051459325304,0.5,5.0,0,1000.0,0.0,0,0,Square,495.0,592.1631850258847,467.38540268671176,1.0
149,13,opening_programme,True,150.0,300.0,32.24,5.678027826631356,0.5,5.0,300,0.0,1.0,Rectangular,Parallel,Square,373.8,379.4342095146404,315.6159571363248,0.75
150,14,opening_programme,False,60.0,100.0,20.18,4.49221548904324,0.9,8.333333333333334,0,1000.0,0.0,0,0,Square,57.73,56.92535467715594,65.52003168117649,1.0
151,14,opening_programme,True,60.0,100.0,20.18,4.49221548904324,0.9,8.333333333333334,70,80.0,2.0,Square,Parallel,Square,49.09,49.26320193761076,55.12200265337379,0.8413
152,14,opening_programme,True,60.0,100.0,20.18,4.49221548904324,0.9,8.333333333333334,70,80.0,2.0,Circular,Parallel,Square,51.1,50.7432611592168,57.14001962915403,0.8721
153,14,opening_programme,True,60.0,100.0,20.18,4.49221548904324,0.9,8.333333333333334,140,80.0,2.0,Rectangular,Parallel,Square,44.71,41.60104919806557,45.33986192337414,0.692
154,14,opening_programme,True,60.0,100.0,20.18,4.49221548904324,0.9,8.333333333333334,70,320.0,2.0,Square,Parallel,Square,57.04,54.23847793639418,61.87056591653497,0.9443
155,14,opening_programme,True,60.0,100.0,20.18,4.49221548904324,0.9,8.333333333333334,70,320.0,2.0,Circular,Parallel,Square,56.92,54.45479428416738,62.17195806226839,0.9489
156,14,opening_programme,True,60.0,100.0,20.18,4.49221548904324,0.9,8.333333333333334,140,320.0,2.0,Rectangular,Parallel,Square,55.5,51.540216124697,58.21454814872532,0.8885
157,14,opening_programme,False,60.0,100.0,29.71,5.450688029964658,0.9,8.333333333333334,0,1000.0,0.0,0,0,Square,70.15,69.07111871571215,74.53631686170891,1.0
158,14,opening_programme,True,60.0,100.0,29.71,5.450688029964658,0.9,8.333333333333334,70,80.0,4.0,Square,Parallel,Square,45.84,50.47717355744244,50.87848988980251,0.6826
159,14,opening_programme,True,60.0,100.0,29.71,5.450688029964658,0.9,8.333333333333334,70,80.0,4.0,Circular,Parallel,Square,49.06,54.06887173065946,55.469927008483786,0.7442000000000001
160,14,opening_programme,True,60.0,100.0,29.71,5.450688029964658,0.9,8.333333333333334,140,80.0,4.0,Rectangular,Parallel,Square,38.89,31.88322839917273,28.621945674896224,0.384
161,14,opening_programme,True,60.0,100.0,29.71,5.450688029964658,0.9,8.333333333333334,70,320.0,4.0,Square,Parallel,Square,67.61,62.550805108948914,66.23297116331455,0.8886000000000001
162,14,opening_programme,True,60.0,100.0,29.71,5.450688029964658,0.9,8.333333333333334,70,320.0,4.0,Circular,Parallel,Square,66.34,63.07574561118833,66.91870527844227,0.8978
163,14,opening_programme,True,60.0,100.0,29.71,5.450688029964658,0.9,8.333333333333334,140,320.0,4.0,Rectangular,Parallel,Square,63.85,56.00286305469941,57.91471820154784,0.777
164,0,opening_programme,False,210.0,300.0,26.6,5.157518783291051,0.64,4.761904761904762,0,1000.0,0.0,0,0,Square,760.0,729.1287454314225,737.6013894597111,1.0
165,0,opening_programme,False,210.0,300.0,25.5,5.049752469181039,0.64,4.761904761904762,0,1000.0,0.0,0,0,Square,480.0,713.8936060730618,727.2904876789112,1.0
166,0,opening_programme,True,210.0,300.0,26.3,5.128352561983234,0.64,4.761904761904762,300,0.0,1.0,Square,diagonal,Square,340.0,604.1470484786316,623.6032630405336,0.84865
167,0,opening_programme,True,210.0,300.0,26.3,5.128352561983234,0.64,4.761904761904762,300,0.0,1.0,Square,Parallel,Square,300.0,543.7540937945204,551.1134711369825,0.7499999999999999
168,0,opening_programme,True,210.0,300.0,25.7,5.06951674225463,0.64,4.761904761904762,300,200.0,1.0,Square,Parallel,Square,360.0,639.9304659791288,637.7104482171717,0.87455
169,0,opening_programme,True,210.0,300.0,27.4,5.2345009313209605,0.64,4.761904761904762,450,0.0,1.0,Square,Parallel,Square,260.0,493.3659108373268,510.3467291999663,0.6851
170,0,opening_programme,True,210.0,300.0,28.7,5.357238094391549,0.64,4.761904761904762,300,0.0,1.0,Square,diagonal,Square,460.0,631.1109744514725,642.0227661044188,0.84865
171,0,opening_programme,True,210.0,300.0,28.2,5.310367218940701,0.64,4.761904761904762,300,0.0,1.0,Square,Parallel,Square,410.0,563.0529258570637,564.0775474914959,0.7499999999999999
172,0,opening_programme,True,210.0,300.0,29.5,5.431390245600108,0.64,4.761904761904762,300,200.0,1.0,Square,Parallel,Square,480.0,685.6101414580936,667.7078724685606,0.87455
173,0,opening_programme,True,210.0,300.0,27.2,5.215361924162119,0.64,4.761904761904762,450,0.0,1.0,Square,Parallel,Square,360.0,491.5620074999629,509.10197613736375,0.6851
174,0,opening_programme,False,100.0,200.0,20.83,4.56398948289761,0.471,10.0,0,1000.0,0.0,0,0,Square,193.0,180.7339835227454,158.50034705562666,1.0
175,0,opening_programme,True,100.0,200.0,20.6,4.538722287164087,0.471,10.0,300,0.0,1.0,Square,Parallel,Square,99.0,119.82825949455096,108.10058455957608,0.68455
176,0,opening_programme,True,100.0,200.0,20.85,4.5661800227323495,0.471,10.0,300,0.0,1.0,Square,diagonal,Square,126.0,146.91684223141334,130.47959405032051,0.82295
177,0,opening_programme,True,100.0,200.0,19.63,4.430575583375144,0.471,10.0,500,0.0,1.0,Square,Parallel,Square,77.0,105.27047586099344,95.77848452142356,0.61635
178,0,opening_programme,True,100.0,200.0,19.61,4.428317965096905,0.471,10.0,500,0.0,1.0,Square,diagonal,Square,95.0,138.83361358550192,124.06505947189328,0.79865
179,0,opening_programme,True,100.0,200.0,20.02,4.474371464239419,0.471,10.0,300,300.0,1.0,Square,Parallel,Square,135.0,160.56514666739298,139.3298970616475,0.8907499999999999
180,0,opening_programme,True,100.0,200.0,21.24,4.608687448721165,0.471,10.0,300,300.0,1.0,Square,diagonal,Square,172.0,160.14728015561178,142.96596963171947,0.89615
181,0,opening_programme,True,100.0,200.0,20.05,4.4777226354476225,0.471,10.0,500,300.0,1.0,Square,Parallel,Square,115.0,149.6030416660755,129.1332725291394,0.82515
182,0,opening_programme,True,100.0,200.0,20.23,4.497777228809804,0.471,10.0,500,300.0,1.0,Square,diagonal,Square,139.0,150.7005448065206,135.2948178961051,0.86195
183,15,opening_programme,False,35.0,75.0,23.87,4.8856934001224435,1.2025,12.14285714285714,0,1000.0,0.0,0,0,Square,56.0,24.82909385942226,28.54154806839149,1.0
184,15,opening_programme,True,35.0,75.0,22.1,4.701063709417263,1.2025,12.14285714285714,75,0.0,1.0,Square,Parallel,Square,29.0,17.9181043284439,20.86341547887095,0.75
185,15,opening_programme,True,35.0,75.0,21.8,4.669047011971501,1.2025,12.14285714285714,75,70.0,1.0,Square,Parallel,Square,33.0,21.659006863865194,24.8835285386039,0.8986000000000001
186,15,opening_programme,True,35.0,75.0,22.5,4.743416490252569,1.2025,12.14285714285714,75,157.5,1.0,Square,Parallel,Square,24.0,22.94654195423696,26.420369625069227,0.9441
187,15,opening_programme,True,35.0,75.0,23.5,4.847679857416329,1.2025,12.14285714285714,75,245.0,1.0,Square,Parallel,Square,47.0,23.817996855414847,28.39330883208669,1.0
188,15,opening_programme,True,35.0,75.0,21.9,4.679743582719036,1.2025,12.14285714285714,75,0.0,1.0,Square,0,Square,36.0,17.83684266553361,20.80028826855545,0.75
189,15,opening_programme,True,35.0,75.0,22.3,4.722287581247038,1.2025,12.14285714285714,75,70.0,1.0,Square,Parallel,Square,41.0,21.905981857352792,25.0723333942027,0.8986000000000001
190,15,opening_programme,True,35.0,75.0,23.8,4.878524367060187,1.2025,12.14285714285714,75,157.5,1.0,Square,Parallel,Square,37.0,23.60013384731334,26.919709491506584,0.9441
191,15,opening_programme,True,35.0,75.0,22.7,4.764451699828638,1.2025,12.14285714285714,75,245.0,1.0,Square,Parallel,Square,56.0,23.40907381304997,28.067388403814338,1.0
192,16,opening_programme,False,180.0,950.0,33.0,5.744562646538029,1.26,6.944444444444445,0,1000.0,0.0,0,0,Rectangular,901.0,1393.7779588538772,1360.865743131309,1.0
193,16,opening_programme,True,180.0,950.0,33.0,5.744562646538029,1.26,6.944444444444445,240,0.0,2.0,Rectangular,Parallel,Rectangular,761.0,1295.7109177607654,1171.4332316874309,0.8607999999999999
194,16,opening_programme,True,180.0,950.0,33.0,5.744562646538029,1.26,6.944444444444445,240,0.0,2.0,Rectangular,Parallel,Rectangular,781.0,1295.7109177607654,1171.4332316874309,0.8607999999999999
195,16,opening_programme,True,180.0,950.0,33.0,5.744562646538029,1.26,6.944444444444445,240,0.0,2.0,Rectangular,Parallel,Rectangular,831.0,1295.7109177607654,1171.4332316874309,0.8607999999999999
196,16,opening_programme,True,180.0,950.0,33.0,5.744562646538029,1.26,6.944444444444445,240,0.0,2.0,Rectangular,Parallel,Rectangular,671.0,1295.7109177607654,1171.4332316874309,0.8607999999999999
197,16,opening_programme,True,180.0,950.0,33.0,5.744562646538029,1.26,6.944444444444445,240,0.0,2.0,Rectangular,Parallel,Rectangular,681.0,1295.7109177607654,1171.4332316874309,0.8607999999999999
198,17,opening_programme,False,90.0,150.0,44.0,6.6332495807108,1.111111111111111,10.0,0,1000.0,0.0,0,0,Square,234.0,189.12721204522637,205.0715664257822,1.0
199,17,opening_programme,True,90.0,150.0,44.0,6.6332495807108,1.111111111111111,10.0,70,0.0,2.0,Square,Parallel,Square,182.0,144.9849207538705,149.57920055096554,0.7293999999999999
200,17,opening_programme,True,90.0,150.0,44.0,6.6332495807108,1.111111111111111,10.0,150,0.0,2.0,Square,Parallel,Square,145.0,94.56360602261316,102.5357832128911,0.5
201,17,opening_programme,True,90.0,150.0,44.0,6.6332495807108,1.111111111111111,10.0,70,90.0,2.0,Square,Parallel,Square,198.0,169.07972756843233,179.43762062255942,0.875
202,17,opening_programme,True,90.0,150.0,44.0,6.6332495807108,1.111111111111111,10.0,150,90.0,2.0,Square,Parallel,Square,180.0,146.1575094685509,150.91216573273311,0.7358999999999999
203,17,opening_programme,True,90.0,150.0,44.0,6.6332495807108,1.111111111111111,10.0,70,180.0,2.0,Square,Parallel,Square,213.0,176.1530852989238,188.48127670193645,0.9191
204,17,opening_programme,True,90.0,150.0,44.0,6.6332495807108,1.111111111111111,10.0,150,180.0,2.0,Square,Parallel,Square,197.0,161.32551187457804,169.53266396419414,0.8267
205,17,opening_programme,True,90.0,150.0,44.0,6.6332495807108,1.111111111111111,10.0,70,270.0,2.0,Square,Parallel,Square,218.0,179.5195496733288,192.82879391016303,0.9403
206,17,opening_programme,True,90.0,150.0,44.0,6.6332495807108,1.111111111111111,10.0,150,270.0,2.0,Square,Parallel,Square,212.0,168.58799681711474,178.8018987666395,0.8718999999999999
207,17,opening_programme,True,90.0,150.0,44.0,6.6332495807108,1.111111111111111,10.0,70,360.0,2.0,Square,Parallel,Square,220.0,181.5242981210082,195.3511741772001,0.9526
208,17,opening_programme,True,90.0,150.0,44.0,6.6332495807108,1.111111111111111,10.0,150,360.0,2.0,Square,Parallel,Square,215.0,172.8244463669278,184.23629527692276,0.8984
209,17,opening_programme,True,90.0,150.0,44.0,6.6332495807108,1.111111111111111,10.0,70,450.0,2.0,Square,Parallel,Square,223.0,182.8103631629157,197.01225386524897,0.9607
210,17,opening_programme,True,90.0,150.0,44.0,6.6332495807108,1.111111111111111,10.0,150,450.0,2.0,Square,Parallel,Square,219.0,175.62352910519718,187.8250476893739,0.9159
211,0,opening_programme,True,100.0,200.0,20.35,4.511097427455985,0.471,10.0,200,0.0,1.0,Square,Parallel,Square,128.0,133.97959359544274,117.9550472089434,0.75
212,0,opening_programme,True,100.0,200.0,20.35,4.511097427455985,0.471,10.0,200,0.0,1.0,Square,diagonal,Square,112.0,148.86026045744327,133.2498849970364,0.84725
213,0,opening_programme,True,100.0,200.0,20.35,4.511097427455985,0.471,10.0,400,0.0,1.0,Square,Parallel,Square,78.0,111.64966132953562,101.21329417508736,0.6435500000000001
214,0,opening_programme,True,100.0,200.0,20.35,4.511097427455985,0.471,10.0,400,0.0,1.0,Square,diagonal,Square,98.0,142.9115665018056,127.13194988179922,0.80835
215,0,opening_programme,True,100.0,200.0,20.35,4.511097427455985,0.471,10.0,600,0.0,1.0,Square,Parallel,Square,53.0,104.200395925629,93.9315359273886,0.5972500000000001
216,0,opening_programme,True,100.0,200.0,20.35,4.511097427455985,0.471,10.0,600,0.0,1.0,Square,diagonal,Square,141.0,140.35702225058583,124.50548416394672,0.79165
217,0,opening_programme,True,100.0,200.0,20.35,4.511097427455985,0.471,10.0,200,150.0,1.0,Square,Parallel,Square,147.0,160.77551231453128,138.97463662157713,0.88365
218,0,opening_programme,True,100.0,200.0,20.35,4.511097427455985,0.471,10.0,200,150.0,1.0,Square,diagonal,Square,119.0,156.64894083179163,140.84619003729233,0.89555
219,0,opening_programme,True,100.0,200.0,20.35,4.511097427455985,0.471,10.0,300,150.0,1.0,Square,Parallel,Square,143.0,151.84353940816845,130.71778331695106,0.8311499999999999
220,0,opening_programme,True,100.0,200.0,20.35,4.511097427455985,0.471,10.0,300,150.0,1.0,Square,diagonal,Square,166.0,152.1650904327975,136.56835365851467,0.86835
221,0,opening_programme,True,100.0,200.0,20.35,4.511097427455985,0.471,10.0,400,150.0,1.0,Square,Parallel,Square,159.0,142.9115665018056,123.73484452218165,0.7867500000000001
222,0,opening_programme,True,100.0,200.0,20.35,4.511097427455985,0.471,10.0,400,150.0,1.0,Square,diagonal,Square,142.0,149.1639475362596,133.54870444996573,0.84915
223,0,opening_programme,True,100.0,200.0,20.35,4.511097427455985,0.471,10.0,500,150.0,1.0,Square,Parallel,Square,99.0,133.97959359544274,117.9550472089434,0.75
224,0,opening_programme,True,100.0,200.0,20.35,4.511097427455985,0.471,10.0,500,150.0,1.0,Square,diagonal,Square,107.0,147.0202740387325,131.34687690206545,0.83515
225,0,opening_programme,True,100.0,200.0,20.35,4.511097427455985,0.471,10.0,600,150.0,1.0,Square,Parallel,Square,100.0,126.53032819153611,113.22898165077174,0.7199500000000001
226,0,opening_programme,True,100.0,200.0,20.35,4.511097427455985,0.471,10.0,600,150.0,1.0,Square,diagonal,Square,158.0,145.39465496977448,129.67977890151238,0.8245499999999999
227,0,opening_programme,True,100.0,200.0,20.35,4.511097427455985,0.471,10.0,200,300.0,1.0,Square,Parallel,Square,192.0,167.47449199430343,145.80030202006796,0.92705
228,0,opening_programme,True,100.0,200.0,20.35,4.511097427455985,0.471,10.0,200,300.0,1.0,Square,diagonal,Square,176.0,161.20424701403672,144.8723889820243,0.92115
229,0,opening_programme,True,100.0,200.0,20.35,4.511097427455985,0.471,10.0,400,300.0,1.0,Square,Parallel,Square,152.0,156.3095258613499,134.69680024279944,0.8564499999999999
230,0,opening_programme,True,100.0,200.0,20.35,4.511097427455985,0.471,10.0,400,300.0,1.0,Square,diagonal,Square,199.0,153.5584782061901,137.92090486651057,0.87695
231,0,opening_programme,True,100.0,200.0,20.35,4.511097427455985,0.471,10.0,600,300.0,1.0,Square,Parallel,Square,141.0,145.1445597283963,125.35476050385113,0.7970499999999999
232,0,opening_programme,True,100.0,200.0,20.35,4.511097427455985,0.471,10.0,600,300.0,1.0,Square,diagonal,Square,185.0,149.27113121113595,133.65879582736073,0.84985
233,18,previous_db,False,76.2,80.11,23.42,4.839421453025144,2.0,1.830708661417323,0,1000.0,,,,,129.0,76.08676351315229,126.37458770522616,1.0
234,19,previous_db,False,118.0,254.0,23.97,4.895916665957459,1.17,6.457627118644067,0,1000.0,,,,,365.0,283.6827285189066,322.507252708739,1.0
235,20,previous_db,False,275.0,200.0,111.72,10.569768209379049,1.49,4.181818181818182,0,1000.0,,,,,2450.0,1778.5703524179191,2147.087687257353,1.0
236,21,previous_db,False,124.0,203.0,37.34,6.110646446980876,1.0,4.705645161290323,0,1000.0,,,,,411.0,327.0623296144784,353.6492758410652,1.0
237,22,previous_db,False,107.0,100.0,24.32,4.931531202375181,1.06,13.55140186915888,0,1000.0,,,,,216.0,144.18159967385844,198.52065710854205,1.0
238,23,previous_db,False,60.0,78.54,24.6,4.959838707054898,1.06,3.825,0,1000.0,,,,,98.0,54.42117551445055,68.41686400105318,1.0
239,24,previous_db,False,88.0,200.0,19.8,4.449719092257398,1.2,9.090909090909092,0,1000.0,,,,,199.0,148.8612584899064,173.57502215030178,1.0
240,25,previous_db,False,88.0,100.0,84.89,9.213576938409968,1.84,5.681818181818182,0,1000.0,,,,,330.0,201.206830267152,256.91470626127466,1.0
241,26,previous_db,False,122.0,254.0,28.62,5.349766350038102,1.56,7.286885245901639,0,1000.0,,,,,440.0,323.9339162518111,397.1733858279232,1.0
242,27,previous_db,False,114.0,254.0,48.01,6.928924880528003,3.02,6.684210526315789,0,1000.0,,,,,578.0,383.7005786960422,460.1574366070965,1.0
243,28,previous_db,False,82.0,173.57,8.66,2.9427877939124323,1.26,8.408536585365853,0,1000.0,,,,,152.0,81.40603504729927,112.92714978744884,1.0
244,29,previous_db,False,107.0,250.0,31.41,5.604462507680822,1.06,12.85046728971963,0,1000.0,,,,,283.0,282.5920195967876,290.54491546222766,1.0
245,30,previous_db,False,77.0,200.0,25.73,5.07247474118896,1.63,10.58441558441558,0,1000.0,,,,,194.0,142.81187415636154,170.23764573765945,1.0
246,31,previous_db,False,121.0,203.0,19.57,4.4237992721189325,1.0,4.822314049586777,0,1000.0,,,,,322.0,228.92842719667885,273.8076271856855,1.0
247,32,previous_db,False,456.0,520.0,32.4,5.692099788303083,0.33,5.087719298245614,0,1000.0,,,,,2153.0,2814.127358142339,2347.595865445065,1.0
248,33,previous_db,False,121.67,159.44,49.47,7.033491309442274,0.66,1.984877126654064,0,1000.0,,,,,306.0,317.54456917763406,303.33007641453105,1.0
249,34,previous_db,False,102.0,203.0,18.34,4.282522621072771,1.7,5.720588235294118,0,1000.0,,,,,330.0,175.86264793887756,241.980863419585,1.0
250,35,previous_db,False,123.0,225.0,54.24,7.364781055808788,1.94,7.76829268292683,0,1000.0,,,,,447.0,416.119556572948,511.2635128374206,1.0
251,36,previous_db,False,121.0,228.5,28.02,5.293392107146419,0.75,6.929752066115703,0,1000.0,,,,,315.0,295.48847528002244,292.64848740947,1.0
252,37,previous_db,False,46.0,102.0,25.77,5.076416058598822,3.24,5.315217391304348,0,1000.0,,,,,83.0,45.61951749556183,60.76806634186888,1.0
253,38,previous_db,False,165.1,152.0,42.71,6.535288822997803,0.75,4.930345245305875,0,1000.0,,,,,600.0,451.629219572595,506.3916731437825,1.0
254,39,previous_db,False,80.0,188.5,41.9,6.473020933072903,1.8,5.1,0,1000.0,,,,,281.0,183.5334463279759,214.07384773866303,1.0
255,40,previous_db,False,113.0,164.93,21.95,4.685082710048992,0.83,6.504424778761062,0,1000.0,,,,,280.0,194.22497060900017,222.61614592786333,1.0
256,41,previous_db,False,111.0,254.0,17.77,4.215447781671599,1.52,7.094594594594595,0,1000.0,,,,,334.0,225.4413042742408,289.05185583019875,1.0
257,42,previous_db,False,99.0,160.0,25.84,5.083306010855534,1.43,7.272727272727272,0,1000.0,,,,,260.0,172.05018524013772,223.65455003486645,1.0
258,19,previous_db,False,118.0,254.0,19.25,4.387482193696061,1.17,6.457627118644067,0,1000.0,,,,,356.0,254.22265225431667,299.77383162900503,1.0
259,20,previous_db,False,275.0,200.0,64.14,8.00874522007037,1.49,4.181818181818182,0,1000.0,,,,,2050.0,1347.628115046687,1784.4968716611138,1.0
260,43,previous_db,False,111.0,109.96,11.54,3.3970575502926055,0.64,4.54954954954955,0,1000.0,,,,,177.0,109.97993929653008,142.77565387790503,1.0
261,44,previous_db,False,63.2,102.0,19.57,4.4237992721189325,0.89,6.028481012658228,0,1000.0,,,,,78.0,60.96723023484167,70.90137173703032,1.0
262,45,previous_db,False,201.0,188.5,20.4,4.516635916254486,0.77,2.885572139303483,0,1000.0,,,,,648.0,466.7588211865993,593.6316777601394,1.0
263,46,previous_db,False,108.0,300.0,51.52,7.177743377970544,0.51,9.166666666666666,0,1000.0,,,,,251.0,417.4897111531002,295.57488683533245,1.0
264,23,previous_db,False,60.0,78.54,25.57,5.056678751908213,1.06,3.825,0,1000.0,,,,,104.0,55.48374012371762,69.3045429871995,1.0
265,47,previous_db,False,98.0,117.81,57.0,7.54983443527075,1.27,6.23469387755102,0,1000.0,,,,,341.0,210.770098979387,250.36342010590505,1.0
266,48,previous_db,False,200.0,196.35,22.73,4.767598976424087,0.8,5.32,0,1000.0,,,,,603.0,498.8643935367014,624.551684773654,1.0
267,49,previous_db,False,200.0,150.0,89.28,9.448809448814174,2.62,5.125,0,1000.0,,,,,1450.0,873.0699930704296,1262.247688465089,1.0
268,50,previous_db,False,82.0,301.5,12.0,3.4641016151377544,1.26,8.53048780487805,0,1000.0,,,,,244.0,143.7949966084328,163.25180771353206,1.0
269,51,previous_db,False,127.0,40.06,24.89,4.988987873306569,0.75,5.799212598425197,0,1000.0,,,,,166.0,139.72128705817076,212.99427576590188,1.0
270,52,previous_db,False,114.3,203.0,21.88,4.6776062254105994,1.05,6.898512685914261,0,1000.0,,,,,378.0,223.93083140128024,262.99985896900523,1.0
271,53,previous_db,False,106.0,109.96,11.54,3.3970575502926055,0.67,4.764150943396227,0,1000.0,,,,,187.0,102.64930651468184,133.70112256986334,1.0
272,54,previous_db,False,143.0,235.62,32.4,5.692099788303083,1.48,8.041958041958042,0,1000.0,,,,,628.0,406.8047590518989,512.3587456963319,1.0
273,55,previous_db,False,79.0,200.0,20.55,4.533210782657255,0.75,10.31645569620253,0,1000.0,,,,,165.0,131.8897784959241,126.88357058921814,1.0
274,56,previous_db,False,75.0,200.0,35.85,5.987486951969082,1.5,1.333333333333333,0,1000.0,,,,,368.0,163.00933226735827,177.5788162182076,1.0
275,57,previous_db,False,127.0,279.6,24.89,4.988987873306569,0.75,4.598425196850394,0,1000.0,,,,,243.0,340.0615067511806,329.2032439021704,1.0
276,58,previous_db,False,114.3,304.5,26.2,5.118593556827891,1.14,5.78740157480315,0,1000.0,,,,,394.0,323.4278995158093,338.87539416825894,1.0
277,59,previous_db,False,117.0,203.0,19.95,4.466542286825459,1.2,4.987179487179487,0,1000.0,,,,,339.0,220.74009304874363,277.05280416477007,1.0
278,60,previous_db,False,95.0,220.0,68.4,8.270429251254134,1.49,6.736842105263158,0,1000.0,,,,,498.0,326.6902258537895,331.28989581473047,1.0
279,61,previous_db,False,83.0,157.87,13.28,3.6441734316577197,0.93,5.216867469879518,0,1000.0,,,,,307.0,96.16870628920076,115.65289398803246,1.0
280,27,previous_db,False,114.3,254.0,19.46,4.411349000022556,3.45,6.675415573053368,0,1000.0,,,,,311.0,245.1282125632026,341.9686893048013,1.0
281,62,previous_db,False,108.0,360.0,61.64,7.851114570556208,0.51,9.166666666666666,0,1000.0,,,,,426.0,523.8112900075347,343.23303478393206,1.0
282,63,previous_db,False,114.3,152.0,25.21,5.020956084253277,1.14,7.121609798775153,0,1000.0,,,,,311.0,201.73337339568445,257.66787404590883,1.0
283,64,previous_db,False,63.2,76.0,20.72,4.551922670696417,0.89,6.234177215189873,0,1000.0,,,,,83.0,52.85975188572076,66.0123932006206,1.0
284,65,previous_db,False,100.0,200.0,71.25,8.440971508067067,1.49,5.0,0,1000.0,,,,,371.0,334.2624717194559,350.57736367598403,1.0
285,66,previous_db,False,75.0,200.0,26.4,5.138093031466052,1.5,1.0,0,1000.0,,,,,338.0,139.88458278166328,160.360011543967,1.0
286,49,previous_db,False,200.0,150.0,87.98,9.379765455489812,1.75,5.125,0,1000.0,,,,,1100.0,866.6903280872586,1201.4080208866587,1.0
287,67,previous_db,False,106.0,240.0,49.68,7.048404074682439,0.52,9.339622641509434,0,1000.0,,,,,358.0,341.2295935528301,258.5579974499848,1.0
288,68,previous_db,False,46.5,100.0,29.4,5.422176684690384,0.44,5.806451612903226,0,1000.0,,,,,45.0,48.75713451877233,38.68110996631284,1.0
289,68,previous_db,False,46.5,100.0,28.95,5.380520420925842,1.96,5.806451612903226,0,1000.0,,,,,97.0,48.38255431343674,63.31896470237342,1.0
290,69,previous_db,False,107.0,180.0,52.44,7.241546796092669,0.51,9.25233644859813,0,1000.0,,,,,331.0,293.5424719407969,237.8301096604294,1.0
291,21,previous_db,False,124.0,203.0,39.33,6.271363488110062,1.7,4.705645161290323,0,1000.0,,,,,431.0,335.66444566497063,429.4430953844009,1.0
292,70,previous_db,False,38.1,80.11,13.15,3.626292872893749,2.06,7.664041994750656,0,1000.0,,,,,34.0,21.5583739367459,32.59955766337806,1.0
293,71,previous_db,False,99.0,98.17,21.45,4.631414470763764,0.8,5.373737373737374,0,1000.0,,,,,194.0,119.3338385300802,150.4617086683468,1.0
294,72,previous_db,False,300.0,200.0,37.43,6.118006211176971,0.75,2.625,0,1000.0,,,,,1381.0,1154.9914285396237,1362.374379439441,1.0
295,73,previous_db,False,124.0,254.0,28.1,5.300943312279429,1.54,7.169354838709677,0,1000.0,,,,,464.0,327.97487571177305,403.44147167461375,1.0
296,45,previous_db,False,201.0,188.5,20.1,4.483302354291979,0.57,2.885572139303483,0,1000.0,,,,,547.0,463.3140595595713,534.359754304072,1.0
297,74,previous_db,False,172.0,137.44,34.2,5.848076606885378,0.58,1.816860465116279,0,1000.0,,,,,668.0,410.8581284812662,454.4366170476456,1.0
298,75,previous_db,False,114.0,356.0,20.83,4.56398948289761,2.49,6.236842105263158,0,1000.0,,,,,436.0,322.79089457162326,406.4040944412553,1.0
299,76,previous_db,False,125.0,150.0,64.6,8.037412518964047,0.64,5.4,0,1000.0,,,,,365.0,364.6975930479936,337.78141899722783,1.0
300,77,previous_db,False,75.0,150.0,23.7,4.868264577855234,1.5,3.0,0,1000.0,,,,,227.0,108.44059347172534,136.93965212599375,1.0
301,20,previous_db,False,275.0,200.0,89.68,9.469952481401371,2.55,4.181818181818182,0,1000.0,,,,,2400.0,1593.504832705927,2201.1649125244007,1.0
302,78,previous_db,False,80.0,330.5,14.2,3.7682887362833544,1.34,7.9375,0,1000.0,,,,,245.0,162.23899886264687,178.9414856809913,1.0
303,79,previous_db,False,82.0,173.57,15.9,3.987480407475377,0.89,5.158536585365853,0,1000.0,,,,,245.0,110.30525900401332,123.1491064153663,1.0
304,80,previous_db,False,170.0,164.93,22.14,4.705316142407437,0.49,4.323529411764706,0,1000.0,,,,,480.0,353.64352458337174,378.8031845577457,1.0
305,81,previous_db,False,60.5,152.0,18.23,4.2696604080418386,1.89,5.884297520661157,0,1000.0,,,,,136.0,72.45720453957202,96.97156060339792,1.0
306,82,previous_db,False,127.0,225.0,35.34,5.94474557908074,1.03,7.523622047244094,0,1000.0,,,,,301.0,350.7951564047375,378.1868152664493,1.0
307,83,previous_db,False,120.0,150.0,76.0,8.717797887081348,2.36,5.625,0,1000.0,,,,,645.0,372.8427800346952,485.9910037840327,1.0
308,84,previous_db,False,35.0,100.0,35.33,5.943904440685432,0.69,7.714285714285714,0,1000.0,,,,,38.0,37.07213199655504,30.68239128886685,1.0
309,85,previous_db,False,109.0,177.5,39.6,6.29285308902091,1.31,4.467889908256881,0,1000.0,,,,,362.0,259.4015987514461,304.3633582272209,1.0
310,86,previous_db,False,53.5,100.0,28.3,5.319774431308154,1.42,5.046728971962617,0,1000.0,,,,,63.0,57.66725919703372,70.73991235127242,1.0
311,86,previous_db,False,53.5,100.0,26.1,5.10881590977792,1.96,5.046728971962617,0,1000.0,,,,,126.0,55.38043296069733,76.66640816739239,1.0
312,87,previous_db,False,125.0,318.87,31.07,5.574047003748713,1.13,5.456,0,1000.0,,,,,799.0,408.2351201864003,419.40101131766784,1.0
313,88,previous_db,False,120.0,250.0,34.96,5.912698199637793,0.84,5.916666666666667,0,1000.0,,,,,365.0,346.5314160843718,334.26330050788266,1.0
314,89,previous_db,False,105.7,200.0,33.82,5.815496539419485,0.63,10.59602649006622,0,1000.0,,,,,264.0,248.04538938303529,224.5129096349595,1.0
315,90,previous_db,False,80.0,160.0,29.32,5.414794548272353,1.31,10.4375,0,1000.0,,,,,262.0,137.2325530314145,159.87671627602896,1.0
316,27,previous_db,False,114.0,254.0,41.72,6.459102104782057,2.02,6.684210526315789,0,1000.0,,,,,505.0,357.68337197975825,439.1140262710658,1.0
317,66,previous_db,False,75.0,200.0,33.45,5.783597496368502,0.75,1.0,0,1000.0,,,,,284.0,157.4584418386325,137.72627832678214,1.0
318,91,previous_db,False,118.0,86.39,30.38,5.511805511808268,0.8,5.889830508474576,0,1000.0,,,,,265.0,175.47266295227067,224.9812588272148,1.0
319,92,previous_db,False,64.0,62.83,31.2,5.585696017507576,0.98,6.40625,0,1000.0,,,,,117.0,59.848489612073045,76.04934275777029,1.0
320,93,previous_db,False,93.0,117.81,39.98,6.322973983814895,1.52,6.559139784946237,0,1000.0,,,,,248.0,163.6324688250195,215.8580466732727,1.0
321,94,previous_db,False,76.2,80.11,21.48,4.634652090502587,2.0,3.832020997375328,0,1000.0,,,,,136.0,72.86732122811355,122.78412335174885,1.0
322,95,previous_db,False,100.0,130.0,34.7,5.890670590009257,0.75,6.25,0,1000.0,,,,,243.0,178.84075911268107,189.5388018446806,1.0
323,27,previous_db,False,114.3,254.0,20.96,4.578209256903839,1.53,6.675415573053368,0,1000.0,,,,,356.0,254.40024171277489,320.59467385301144,1.0
324,79,previous_db,False,82.0,173.57,9.3,3.0495901363953815,1.2,5.158536585365853,0,1000.0,,,,,181.0,84.36049722540338,113.77764824614914,1.0
325,96,previous_db,False,118.0,133.52,30.15,5.490901565316938,0.8,5.635593220338983,0,1000.0,,,,,280.0,215.11570645171847,247.55051539535756,1.0
326,97,previous_db,False,124.7,200.0,24.7,4.969909455915671,0.73,8.981555733761025,0,1000.0,,,,,258.0,265.62634713367703,278.64119883753267,1.0
327,98,previous_db,False,210.0,260.0,27.7,5.263078946776307,1.5,5.952380952380953,0,1000.0,,,,,1024.0,685.6949775018045,951.7062070929604,1.0
328,99,previous_db,False,118.0,42.41,32.17,5.671860364994893,0.8,6.127118644067797,0,1000.0,,,,,170.0,141.71404935014186,207.25207933400583,1.0
329,99,previous_db,False,119.0,235.62,27.68,5.261178575186362,2.29,5.92436974789916,0,1000.0,,,,,540.0,293.06716350592285,398.04008399438817,1.0
330,21,previous_db,False,124.0,203.0,17.86,4.226109321823087,1.0,4.705645161290323,0,1000.0,,,,,242.0,226.19557063129295,276.5721760912752,1.0
331,100,previous_db,False,125.0,235.62,24.52,4.951767361255979,0.53,5.64,0,1000.0,,,,,258.0,294.64154705966166,265.89991558029703,1.0
332,101,previous_db,False,98.0,98.17,24.98,4.99799959983992,0.4,5.428571428571429,0,1000.0,,,,,145.0,126.83199274291724,123.41881297071154,1.0
333,102,previous_db,False,83.0,80.11,37.99,6.163602842493991,1.75,6.728915662650603,0,1000.0,,,,,139.0,110.14562664607018,165.03973925572612,1.0
334,93,previous_db,False,93.0,117.81,11.18,3.3436506994600976,1.52,6.559139784946237,0,1000.0,,,,,154.0,86.53045548529276,141.15661893707187,1.0
335,103,previous_db,False,51.0,152.0,11.11,3.3331666624997918,1.67,7.470588235294118,0,1000.0,,,,,113.0,45.550922283055655,60.702317047867055,1.0
336,35,previous_db,False,123.0,225.0,63.74,7.983733462484829,1.94,7.76829268292683,0,1000.0,,,,,485.0,451.0911598092249,539.5217108554173,1.0
337,104,previous_db,False,40.5,100.0,31.5,5.612486080160912,0.42,6.666666666666667,0,1000.0,,,,,36.0,42.15611257127903,31.34332532788937,1.0
338,104,previous_db,False,40.5,100.0,27.82,5.274466797696237,1.29,6.666666666666667,0,1000.0,,,,,71.0,39.61720579818014,43.7126767183661,1.0
339,90,previous_db,False,80.0,160.0,26.55,5.152669211195301,1.31,10.4375,0,1000.0,,,,,248.0,130.5892484885337,154.67450665345197,1.0
340,105,previous_db,False,100.0,150.0,38.02,6.166036003787198,0.56,7.7,0,1000.0,,,,,222.0,203.47918812497755,185.25199601645588,1.0
341,31,previous_db,False,119.0,203.0,27.74,5.2668776329054765,1.5,4.903361344537815,0,1000.0,,,,,335.0,266.3974066217271,342.534693455034,1.0
342,51,previous_db,False,127.0,40.06,24.89,4.988987873306569,0.75,5.799212598425197,0,1000.0,,,,,151.0,139.72128705817076,212.99427576590188,1.0
343,106,previous_db,False,114.0,203.0,31.16,5.582114294781145,1.1,5.118421052631579,0,1000.0,,,,,377.0,266.27890922793733,299.22863993134524,1.0
344,107,previous_db,False,38.1,119.38,13.15,3.626292872893749,2.06,3.005249343832021,0,1000.0,,,,,49.0,28.72018211283939,39.00673805969706,1.0
345,65,previous_db,False,100.0,200.0,19.0,4.358898943540674,1.09,5.0,0,1000.0,,,,,202.0,172.6123981642107,203.32316342527136,1.0
346,108,previous_db,False,111.0,203.0,19.38,4.402272140611028,1.01,7.324324324324325,0,1000.0,,,,,266.0,202.53656700929093,237.6621652435068,1.0
347,109,previous_db,False,174.0,706.07,22.89,4.784349485562275,1.16,3.939655172413793,0,1000.0,,,,,1111.0,967.0819839199592,936.402463201877,1.0
348,104,previous_db,False,40.5,100.0,28.05,5.296225070746145,0.8,6.666666666666667,0,1000.0,,,,,55.0,39.780635015633486,37.37943562947979,1.0
349,20,previous_db,False,275.0,200.0,83.49,9.137286249209883,1.49,4.181818181818182,0,1000.0,,,,,2250.0,1537.5272288355463,1948.4276893924812,1.0
350,110,previous_db,False,70.0,150.0,70.0,8.366600265340756,0.95,8.571428571428571,0,1000.0,,,,,196.0,170.07625019384687,151.06559430503597,1.0
351,111,previous_db,False,70.0,150.0,64.6,8.037412518964047,2.02,9.642857142857142,0,1000.0,,,,,267.0,163.3845216855011,188.5005057215661,1.0
352,112,previous_db,False,199.0,196.35,21.45,4.631414470763764,0.8,5.346733668341709,0,1000.0,,,,,600.0,480.97488448980215,607.215904510282,1.0
353,30,previous_db,False,77.0,200.0,21.98,4.688283267892417,1.2,10.58441558441558,0,1000.0,,,,,176.0,131.99523984355812,145.85325281472345,1.0
354,23,previous_db,False,60.0,78.54,24.75,4.9749371855331,1.06,3.825,0,1000.0,,,,,94.0,54.58684157655346,68.55564098173194,1.0
355,113,previous_db,False,90.0,117.81,31.82,5.640921910468181,0.58,4.166666666666667,0,1000.0,,,,,240.0,139.26210988706987,137.185458991485,1.0
356,114,previous_db,False,75.0,100.0,36.08,6.006662967072482,1.5,1.666666666666667,0,1000.0,,,,,182.0,104.06543590453074,137.10610865848054,1.0
357,27,previous_db,False,114.0,254.0,21.48,4.634652090502587,3.73,6.684210526315789,0,1000.0,,,,,445.0,256.6514603410092,351.94432663516466,1.0
358,115,previous_db,False,127.0,199.49,24.89,4.988987873306569,0.75,5.0,0,1000.0,,,,,216.0,273.0611936527127,290.3391692699733,1.0
359,114,previous_db,False,75.0,100.0,11.55,3.398529093593286,1.5,1.666666666666667,0,1000.0,,,,,109.0,58.87951654650369,93.79117068200505,1.0
360,116,previous_db,False,120.0,235.62,27.68,5.261178575186362,2.27,5.875,0,1000.0,,,,,491.0,296.36328346539136,403.4539514115785,1.0
361,117,previous_db,False,95.0,117.81,35.48,5.9565090447341715,0.83,6.421052631578948,0,1000.0,,,,,214.0,158.95762810215885,175.84878431791768,1.0
362,118,previous_db,False,106.0,300.0,49.68,7.048404074682439,0.52,9.339622641509434,0,1000.0,,,,,395.0,400.4023554406041,285.63171651129124,1.0
363,119,previous_db,False,117.0,304.5,24.61,4.960846701924985,0.86,7.166666666666667,0,1000.0,,,,,320.0,322.9335588979917,313.2063225584282,1.0
364,111,previous_db,False,127.0,119.38,24.89,4.988987873306569,0.75,5.401574803149606,0,1000.0,,,,,198.0,206.06088055424468,251.47509463777632,1.0
365,47,previous_db,False,98.0,117.81,78.97,8.886506625215558,1.27,6.23469387755102,0,1000.0,,,,,405.0,248.08621924574592,279.1043700140027,1.0
366,37,previous_db,False,46.0,102.0,25.71,5.070502933634888,0.74,5.315217391304348,0,1000.0,,,,,61.0,45.56637884328594,43.59184104186356,1.0
367,120,previous_db,False,55.0,78.54,38.95,6.24099351065197,0.35,3.636363636363636,0,1000.0,,,,,60.0,60.5064570497449,47.55073059884858,1.0
368,65,previous_db,False,100.0,200.0,20.52,4.52990066116245,0.73,5.0,0,1000.0,,,,,188.0,179.38406618203302,182.51289924614645,1.0
369,121,previous_db,False,38.1,40.06,13.15,3.626292872893749,2.06,2.335958005249344,0,1000.0,,,,,35.0,14.254314414144822,26.0651147076211,1.0
370,122,previous_db,False,125.0,225.0,28.5,5.338539126015656,1.91,7.644,0,1000.0,,,,,349.0,308.3006345274041,421.3815696468581,1.0
371,123,previous_db,False,177.0,157.87,22.89,4.784349485562275,0.64,4.432203389830509,0,1000.0,,,,,478.0,374.322847621473,445.24713615559415,1.0
372,124,previous_db,False,82.0,201.0,8.73,2.9546573405388314,0.89,5.280487804878049,0,1000.0,,,,,162.0,90.50682728279824,107.25606201241573,1.0
373,125,previous_db,False,107.0,450.0,28.24,5.314132102234569,1.06,11.91588785046729,0,1000.0,,,,,301.0,412.2938356987213,376.1047079077699,1.0
375,22,previous_db,False,107.0,100.0,23.02,4.797916214358063,1.06,13.55140186915888,0,1000.0,,,,,196.0,140.27514102599807,194.91845198542904,1.0
376,65,previous_db,False,100.0,200.0,60.52,7.77946013551069,2.26,5.0,0,1000.0,,,,,405.0,308.0666213662234,366.24339132255807,1.0
377,83,previous_db,False,120.0,150.0,70.3,8.384509526501834,1.68,5.625,0,1000.0,,,,,543.0,358.5887034294305,446.788414446082,1.0
378,57,previous_db,False,127.0,279.6,24.89,4.988987873306569,0.75,4.598425196850394,0,1000.0,,,,,249.0,340.0615067511806,329.2032439021704,1.0
379,126,previous_db,False,100.0,200.0,37.43,6.118006211176971,0.97,2.625,0,1000.0,,,,,330.0,242.27304596260808,245.16436528369536,1.0
380,115,previous_db,False,127.0,199.49,24.89,4.988987873306569,0.75,5.0,0,1000.0,,,,,220.0,273.0611936527127,290.3391692699733,1.0
381,127,previous_db,False,128.0,125.66,31.2,5.585696017507576,0.98,6.40625,0,1000.0,,,,,390.0,239.39395844829215,304.1973710310812,1.0
382,117,previous_db,False,95.0,117.81,8.93,2.988310559496787,0.83,6.421052631578948,0,1000.0,,,,,123.0,79.74717321888052,111.02701220096849,1.0
383,128,previous_db,False,109.0,180.0,53.36,7.30479294709987,0.5,9.082568807339449,0,1000.0,,,,,246.0,303.74293306710274,245.02780244869555,1.0
384,47,previous_db,False,98.0,117.81,56.62,7.524626236564844,1.27,6.23469387755102,0,1000.0,,,,,319.0,210.06635711830532,249.80581598797343,1.0
385,104,previous_db,False,40.5,100.0,28.05,5.296225070746145,0.52,6.666666666666667,0,1000.0,,,,,44.0,39.780635015633486,32.379528877828434,1.0
386,27,previous_db,False,114.0,254.0,12.84,3.5832945734337835,3.02,6.684210526315789,0,1000.0,,,,,329.0,198.4308136069962,296.4723648856571,1.0
387,66,previous_db,False,75.0,200.0,36.08,6.006662967072482,1.5,1.0,0,1000.0,,,,,421.0,163.53139927854835,177.95776640928716,1.0
388,129,previous_db,False,38.1,80.11,13.15,3.626292872893749,2.06,0.9973753280839894,0,1000.0,,,,,78.0,21.5583739367459,32.59955766337806,1.0
389,130,previous_db,False,171.0,235.62,25.75,5.07444578254611,1.18,6.72514619883041,0,1000.0,,,,,626.0,465.7441346460035,593.8320573722052,1.0
390,27,previous_db,False,114.3,254.0,23.26,4.822862220714998,1.05,6.675415573053368,0,1000.0,,,,,392.0,267.9950272799591,292.7712339179841,1.0
391,131,previous_db,False,150.0,200.0,37.43,6.118006211176971,0.9,2.633333333333333,0,1000.0,,,,,583.0,423.9778304345641,468.25775549320525,1.0
392,132,previous_db,False,118.0,102.0,33.98,5.829236656715868,0.8,5.923728813559322,0,1000.0,,,,,285.0,199.751618363014,241.51374041814535,1.0
393,133,previous_db,False,80.0,235.62,15.62,3.9522145690739006,2.02,8.125,0,1000.0,,,,,239.0,131.72522481794064,176.67355573996372,1.0
394,53,previous_db,False,106.0,109.96,11.54,3.3970575502926055,0.67,4.764150943396227,0,1000.0,,,,,172.0,102.64930651468184,133.70112256986334,1.0
395,55,previous_db,False,79.0,200.0,26.4,5.138093031466052,1.15,10.31645569620253,0,1000.0,,,,,165.0,149.48829522863713,159.0553508671524,1.0
396,19,previous_db,False,118.0,254.0,34.97,5.913543776789007,1.17,6.457627118644067,0,1000.0,,,,,351.0,342.6468112662279,365.7761225460808,1.0
397,134,previous_db,False,118.0,356.0,24.82,4.98196748283246,1.17,6.02542372881356,0,1000.0,,,,,400.0,367.8198549297164,379.54820941719487,1.0
398,66,previous_db,False,75.0,200.0,11.55,3.398529093593286,1.5,1.0,0,1000.0,,,,,221.0,92.5249545730772,121.73686064606603,1.0
399,135,previous_db,False,107.0,109.96,11.54,3.3970575502926055,0.66,4.719626168224299,0,1000.0,,,,,183.0,104.09749660718596,135.24001575857693,1.0
400,136,previous_db,False,100.0,98.17,26.77,5.173973328110612,0.8,5.32,0,1000.0,,,,,216.0,135.34307086498177,164.8868817980822,1.0
401,137,previous_db,False,92.0,200.0,19.48,4.4136152981427825,1.48,8.152173913043478,0,1000.0,,,,,220.0,156.5089170074862,198.65505656171956,1.0
402,98,previous_db,False,210.0,260.0,28.5,5.338539126015656,0.33,5.952380952380953,0,1000.0,,,,,540.0,695.5262314938237,580.0055630645819,1.0
403,138,previous_db,False,260.0,350.0,28.89,5.374941860150675,1.15,6.634615384615385,0,1000.0,,,,,1046.0,1114.168303470087,1318.0554059683209,1.0
404,27,previous_db,False,114.0,254.0,12.97,3.6013886210738213,2.49,6.684210526315789,0,1000.0,,,,,334.0,199.4328011693014,297.46956275466414,1.0
405,27,previous_db,False,118.0,118.0,24.15,4.914264950122246,0.84,6.610169491525424,0,1000.0,,,,,275.0,180.64523443692568,226.47800393011352,1.0
406,139,previous_db,False,107.0,300.0,51.52,7.177743377970544,0.51,9.25233644859813,0,1000.0,,,,,404.0,412.6102812047558,291.3990248098257,1.0
407,68,previous_db,False,46.5,100.0,27.0,5.196152422706632,1.29,5.806451612903226,0,1000.0,,,,,90.0,46.7246859308899,53.81253075295032,1.0
408,140,previous_db,False,80.0,179.86,22.27,4.719110085598767,0.98,4.81875,0,1000.0,,,,,245.0,129.49811918669428,138.81422857254609,1.0
409,141,previous_db,False,76.2,80.11,22.93,4.788527957525152,2.0,6.666666666666666,0,1000.0,,,,,129.0,75.28660147021945,125.48702010493662,1.0
410,104,previous_db,False,40.5,100.0,32.62,5.711392124517454,1.03,6.666666666666667,0,1000.0,,,,,66.0,42.89900872822678,42.76273917168447,1.0
411,142,previous_db,False,86.0,117.81,33.34,5.7740800133008205,1.79,4.36046511627907,0,1000.0,,,,,313.0,133.5920668974306,187.76628950391955,1.0
412,49,previous_db,False,200.0,150.0,107.83,10.384122495425407,2.62,5.125,0,1000.0,,,,,1550.0,959.4929185773076,1344.228375026833,1.0
413,27,previous_db,False,114.0,254.0,27.05,5.200961449578338,2.49,6.684210526315789,0,1000.0,,,,,400.0,288.0117698471778,380.0595351912613,1.0
414,49,previous_db,False,200.0,150.0,70.02,8.367795408588812,1.75,5.125,0,1000.0,,,,,1200.0,773.1842957536062,1113.3624673206216,1.0
415,27,previous_db,False,114.3,254.0,21.48,4.634652090502587,2.3,6.675415573053368,0,1000.0,,,,,364.0,257.536636251496,353.4137895387946,1.0
416,106,previous_db,False,114.0,203.0,36.38,6.031583540000089,1.1,5.118421052631579,0,1000.0,,,,,254.0,287.7195630784507,315.08295307246163,1.0
417,117,previous_db,False,95.0,117.81,21.75,4.663689526544408,0.83,6.421052631578948,0,1000.0,,,,,197.0,124.456962925247,149.3818798329232,1.0
418,111,previous_db,False,127.0,119.38,24.89,4.988987873306569,0.75,5.401574803149606,0,1000.0,,,,,199.0,206.06088055424468,251.47509463777632,1.0
419,143,previous_db,False,117.0,117.81,26.18,5.1166395221864125,0.85,6.666666666666667,0,1000.0,,,,,255.0,185.5501042110371,230.0151698995535,1.0
420,57,previous_db,False,127.0,279.6,24.89,4.988987873306569,0.75,4.598425196850394,0,1000.0,,,,,239.0,340.0615067511806,329.2032439021704,1.0
421,47,previous_db,False,98.0,117.81,40.88,6.393746945258313,1.27,6.23469387755102,0,1000.0,,,,,297.0,178.49539457522158,224.10397137002136,1.0
422,144,previous_db,False,124.0,235.62,23.1,4.806245936279167,1.1,5.685483870967742,0,1000.0,,,,,408.0,282.9081397388196,328.1877734295236,1.0
423,145,previous_db,False,102.0,117.81,31.57,5.618718715152059,1.03,5.990196078431373,0,1000.0,,,,,227.0,166.2872075030926,205.45858180243536,1.0
424,146,previous_db,False,101.0,94.25,23.93,4.8918299234540035,0.53,2.871287128712871,0,1000.0,,,,,180.0,127.33790394335183,139.58761921963247,1.0
425,147,previous_db,False,108.0,120.0,54.28,7.367496182557545,0.51,9.166666666666666,0,1000.0,,,,,322.0,239.47073831907204,216.0786244088696,1.0
426,148,previous_db,False,176.0,158.65,31.07,5.574047003748713,0.45,3.886363636363636,0,1000.0,,,,,537.0,433.359234060183,434.4544328432614,1.0
427,104,previous_db,False,40.5,100.0,27.82,5.274466797696237,1.16,6.666666666666667,0,1000.0,,,,,71.0,39.61720579818014,42.19200468728265,1.0
428,149,previous_db,False,122.0,235.62,23.02,4.797916214358063,1.09,5.778688524590164,0,1000.0,,,,,332.0,276.3173914810388,318.3093633831538,1.0
429,150,previous_db,False,197.0,196.35,22.65,4.759201613716317,0.35,5.401015228426396,0,1000.0,,,,,444.0,486.8031895145717,461.13520706832026,1.0
430,105,previous_db,False,100.0,150.0,34.95,5.911852501542981,0.56,7.7,0,1000.0,,,,,198.0,195.0911325509184,180.12524528046575,1.0
431,31,previous_db,False,119.0,203.0,15.2,3.8987177379235853,1.2,4.903361344537815,0,1000.0,,,,,292.0,197.19620749191785,260.2037820701101,1.0
432,31,previous_db,False,121.0,203.0,13.49,3.6728735344413916,1.9,4.822314049586777,0,1000.0,,,,,301.0,190.0685609383972,299.5737689499913,1.0
433,151,previous_db,False,108.0,240.0,51.52,7.177743377970544,0.51,9.166666666666666,0,1000.0,,,,,241.0,356.09416539529127,267.83405318283604,1.0
434,152,previous_db,False,473.0,300.0,13.05,3.6124783736376886,0.6,1.268498942917548,0,1000.0,,,,,1659.0,1449.892072247455,1993.152535381574,1.0
435,153,previous_db,False,100.0,100.0,34.37,5.862593282839941,0.56,7.95,0,1000.0,,,,,150.0,154.77246266697446,159.82782646507772,1.0
436,111,previous_db,False,95.0,150.0,70.3,8.384509526501834,1.2,7.105263157894737,0,1000.0,,,,,356.0,257.5972861827159,269.05862002590163,1.0
437,154,previous_db,False,114.3,305.0,19.78,4.447471191587417,1.52,6.452318460192476,0,1000.0,,,,,433.0,281.3572870063648,339.876959157497,1.0
438,75,previous_db,False,114.0,356.0,26.39,5.137119815616529,2.49,6.236842105263158,0,1000.0,,,,,534.0,363.3258812313685,439.7522951702832,1.0
439,155,previous_db,False,170.0,315.73,31.07,5.574047003748713,0.67,4.023529411764706,0,1000.0,,,,,686.0,607.5589273937655,572.269424386936,1.0
440,156,previous_db,False,122.0,117.81,27.0,5.196152422706632,1.63,6.39344262295082,0,1000.0,,,,,332.0,200.67022288327323,310.80183755328954,1.0
441,31,previous_db,False,121.0,203.0,30.88,5.556977595779922,1.9,4.822314049586777,0,1000.0,,,,,422.0,287.56958955774206,394.81371492887786,1.0
442,157,previous_db,False,88.0,117.81,33.34,5.7740800133008205,1.29,4.261363636363637,0,1000.0,,,,,294.0,138.04029341954927,175.0481404079691,1.0
443,158,previous_db,False,110.0,109.96,11.54,3.3970575502926055,0.64,4.590909090909091,0,1000.0,,,,,177.0,108.4958762762949,140.5202903318923,1.0
444,159,previous_db,False,500.0,300.0,37.43,6.118006211176971,0.76,1.475,0,1000.0,,,,,2681.0,2637.534849058871,3356.2026480289705,1.0
445,97,previous_db,False,124.7,200.0,33.53,5.790509476721371,0.54,8.981555733761025,0,1000.0,,,,,282.0,309.4848898129576,279.02802810371986,1.0
446,22,previous_db,False,107.0,100.0,37.74,6.143289021363068,1.06,13.55140186915888,0,1000.0,,,,,184.0,179.6093752651052,229.83622460880417,1.0
447,160,previous_db,False,60.0,100.0,37.05,6.08687111741328,1.95,7.5,0,1000.0,,,,,170.0,77.1328307998611,103.815089537075,1.0
448,19,previous_db,False,118.0,254.0,27.57,5.250714237130031,1.17,6.457627118644067,0,1000.0,,,,,356.0,304.24066484203894,337.90586491762497,1.0
449,29,previous_db,False,190.0,300.0,32.2,5.674504383644443,1.35,7.105263157894737,0,1000.0,,,,,825.0,697.3511927148328,862.8287178336773,1.0
450,29,previous_db,False,107.0,250.0,32.15,5.670097000933935,1.06,12.85046728971963,0,1000.0,,,,,257.0,285.90148664705146,292.8089136387951,1.0
451,161,previous_db,False,90.0,150.0,62.7,7.918333157931662,2.38,7.5,0,1000.0,,,,,418.0,225.76751499894755,280.7164772661405,1.0
452,162,previous_db,False,83.0,80.11,37.99,6.163602842493991,1.75,1.831325301204819,0,1000.0,,,,,204.0,110.14562664607018,165.03973925572612,1.0
453,104,previous_db,False,40.5,100.0,32.62,5.711392124517454,0.82,6.666666666666667,0,1000.0,,,,,56.0,42.89900872822678,39.63307101285572,1.0
454,127,previous_db,False,128.0,125.66,32.17,5.671860364994893,0.98,6.40625,0,1000.0,,,,,365.0,243.0868239671908,307.31772677113275,1.0
455,163,previous_db,False,125.0,508.0,33.67,5.8025856305616035,1.52,7.112,0,1000.0,,,,,579.0,605.8711760294593,601.9325006357468,1.0
456,59,previous_db,False,117.0,203.0,30.59,5.530822723609933,1.9,4.987179487179487,0,1000.0,,,,,531.0,273.3376836589818,372.3621484962805,1.0
457,164,previous_db,False,80.0,78.54,37.5,6.123724356957945,1.8,5.975,0,1000.0,,,,,183.0,102.52231540870312,154.72475972114214,1.0
458,165,previous_db,False,172.0,313.37,31.07,5.574047003748713,0.66,3.98546511627907,0,1000.0,,,,,696.0,614.2510880933278,578.76659950058,1.0
459,68,previous_db,False,46.5,100.0,27.0,5.196152422706632,0.69,5.806451612903226,0,1000.0,,,,,66.0,46.7246859308899,43.6820699996818,1.0
460,166,previous_db,False,172.0,137.44,38.66,6.217716622683925,0.58,1.119186046511628,0,1000.0,,,,,789.0,436.8272830104612,473.389440272314,1.0
461,167,previous_db,False,96.0,130.0,29.3,5.412947441089743,1.46,6.510416666666667,0,1000.0,,,,,236.0,155.01988614008567,208.6643083733453,1.0
462,104,previous_db,False,40.5,100.0,28.05,5.296225070746145,1.11,6.666666666666667,0,1000.0,,,,,67.0,39.780635015633486,41.69113679224232,1.0
463,59,previous_db,False,117.0,203.0,14.72,3.8366652186501757,1.5,4.987179487179487,0,1000.0,,,,,339.0,189.61106443786664,269.6833852983458,1.0
464,43,previous_db,False,111.0,109.96,11.54,3.3970575502926055,0.64,4.54954954954955,0,1000.0,,,,,198.0,109.97993929653008,142.77565387790503,1.0
465,82,previous_db,False,127.0,225.0,63.74,7.983733462484829,1.03,7.523622047244094,0,1000.0,,,,,443.0,471.1143633331368,460.3500789254514,1.0
466,168,previous_db,False,113.28,159.44,23.58,4.8559242168715935,2.13,2.131885593220339,0,1000.0,,,,,357.0,198.02319354408235,303.7038790087683,1.0
467,23,previous_db,False,60.0,78.54,26.77,5.173973328110612,1.06,3.825,0,1000.0,,,,,104.0,56.77073937821439,70.37216598787292,1.0
468,169,previous_db,False,75.0,150.0,21.52,4.638965401897281,1.5,4.666666666666667,0,1000.0,,,,,197.0,103.33295432726192,132.60519156620185,1.0
469,27,previous_db,False,114.0,254.0,35.56,5.96322060635023,2.49,6.684210526315789,0,1000.0,,,,,467.0,330.2231207584384,416.34158750032753,1.0
470,170,previous_db,False,200.0,196.35,84.67,9.201630290334425,0.81,5.375,0,1000.0,,,,,965.0,962.8254677115492,972.1727333869104,1.0
471,171,previous_db,False,60.5,51.0,19.24,4.386342439892261,1.89,6.71900826446281,0,1000.0,,,,,71.0,39.057703758352254,69.57877200372954,1.0
472,65,previous_db,False,100.0,200.0,70.3,8.384509526501834,1.49,5.0,0,1000.0,,,,,331.0,332.02657724947267,349.0122653180288,1.0
473,172,previous_db,False,63.2,51.0,21.87,4.676537180435969,0.89,6.431962025316455,0,1000.0,,,,,64.0,44.55346698998684,61.0915393411888,1.0
474,86,previous_db,False,53.5,100.0,30.38,5.511805511808268,0.69,5.046728971962617,0,1000.0,,,,,88.0,59.74890875493863,56.94451226030516,1.0
475,111,previous_db,False,95.0,150.0,66.5,8.154753215150045,0.84,7.105263157894737,0,1000.0,,,,,249.0,250.5384830290548,234.5137783558436,1.0
476,37,previous_db,False,46.0,102.0,27.92,5.2839379254491625,1.62,5.315217391304348,0,1000.0,,,,,88.0,47.48442520332443,58.17960324812106,1.0
477,170,previous_db,False,200.0,196.35,87.02,9.328451104015071,1.19,5.375,0,1000.0,,,,,1041.0,976.0955411001628,1115.3057043389006,1.0
478,111,previous_db,False,127.0,119.38,24.89,4.988987873306569,0.75,5.401574803149606,0,1000.0,,,,,200.0,206.06088055424468,251.47509463777632,1.0
479,75,previous_db,False,114.0,356.0,23.77,4.8754486972995625,3.73,6.236842105263158,0,1000.0,,,,,498.0,344.81903438572994,424.6893582125265,1.0
480,92,previous_db,False,64.0,62.83,32.17,5.671860364994893,0.98,6.40625,0,1000.0,,,,,105.0,60.771705991797695,76.82943169278319,1.0
481,104,previous_db,False,40.5,100.0,27.82,5.274466797696237,1.45,6.666666666666667,0,1000.0,,,,,79.0,39.61720579818014,45.44995927013478,1.0
482,105,previous_db,False,100.0,150.0,32.34,5.686826883245173,0.37,7.7,0,1000.0,,,,,137.0,187.6652871470907,152.87744976421573,1.0
483,173,previous_db,False,80.77,119.38,23.75,4.873397172404482,1.5,2.358548966200322,0,1000.0,,,,,160.0,103.99475006773282,142.79737442472938,1.0
484,33,previous_db,False,121.67,159.44,23.58,4.8559242168715935,0.66,1.984877126654064,0,1000.0,,,,,271.0,219.23285258569567,236.9460307810684,1.0
485,174,previous_db,False,107.0,240.0,55.2,7.429670248402684,0.51,9.25233644859813,0,1000.0,,,,,400.0,364.1302191818851,270.0547989959104,1.0
486,175,previous_db,False,128.0,235.62,24.3,4.929503017546495,1.06,5.5078125,0,1000.0,,,,,430.0,302.85503630811377,347.1544957353244,1.0
487,27,previous_db,False,114.3,254.0,24.1,4.909175083453431,2.3,6.675415573053368,0,1000.0,,,,,378.0,272.79122856989943,367.2352933973262,1.0
488,176,previous_db,False,160.0,200.0,28.2,5.310367218940701,0.94,0.625,0,1000.0,,,,,1099.0,403.7578403904994,482.70688642129073,1.0
489,177,previous_db,False,75.0,100.0,27.64,5.2573757712379665,1.5,6.0,0,1000.0,,,,,180.0,91.08403523669776,125.45288164763332,1.0
490,33,previous_db,False,121.67,159.44,15.29,3.9102429592034302,0.66,1.984877126654064,0,1000.0,,,,,230.0,176.53770527777758,205.08662248366304,1.0
491,173,previous_db,False,80.77,119.38,49.47,7.033491309442274,1.5,2.358548966200322,0,1000.0,,,,,243.0,150.08958739723084,182.3670282161739,1.0
492,59,previous_db,False,117.0,203.0,25.93,5.0921508225896055,1.9,4.987179487179487,0,1000.0,,,,,292.0,251.6581673730364,352.4032249126804,1.0
493,71,previous_db,False,99.0,98.17,23.55,4.852834223420372,0.4,5.373737373737374,0,1000.0,,,,,148.0,125.03897875833894,123.1980581501266,1.0
494,125,previous_db,False,107.0,450.0,30.29,5.503635162326805,1.06,11.91588785046729,0,1000.0,,,,,397.0,426.9963199461904,384.99370643731487,1.0
495,178,previous_db,False,83.0,80.11,37.99,6.163602842493991,1.75,3.060240963855422,0,1000.0,,,,,149.0,110.14562664607018,165.03973925572612,1.0
496,111,previous_db,False,127.0,119.38,24.89,4.988987873306569,0.75,5.401574803149606,0,1000.0,,,,,202.0,206.06088055424468,251.47509463777632,1.0
497,111,previous_db,False,95.0,150.0,39.9,6.316644678941502,1.49,7.105263157894737,0,1000.0,,,,,320.0,194.06627447111975,239.435077174444,1.0
498,179,previous_db,False,80.0,179.86,12.73,3.5679125549822546,1.34,7.9375,0,1000.0,,,,,152.0,97.90785909037992,127.8683183737726,1.0
499,52,previous_db,False,114.3,203.0,21.09,4.592385001282014,1.05,6.898512685914261,0,1000.0,,,,,343.0,219.85103959057184,259.7956866666174,1.0
500,49,previous_db,False,200.0,150.0,97.75,9.886859966642595,2.62,5.125,0,1000.0,,,,,1450.0,913.5458609177758,1300.9644988236528,1.0
501,84,previous_db,False,35.0,100.0,35.33,5.943904440685432,1.28,7.714285714285714,0,1000.0,,,,,57.0,37.07213199655504,37.700128495810695,1.0
502,180,previous_db,False,91.0,200.0,21.18,4.602173399601541,1.5,8.06043956043956,0,1000.0,,,,,252.0,160.8686030091999,201.6553367892953,1.0
503,104,previous_db,False,40.5,100.0,28.8,5.366563145999495,0.69,6.666666666666667,0,1000.0,,,,,57.0,40.30895344281119,35.895415261693294,1.0
504,163,previous_db,False,125.0,508.0,33.93,5.82494635168428,1.52,7.112,0,1000.0,,,,,580.0,608.2059483647624,603.4779053658197,1.0
505,28,previous_db,False,82.0,173.57,19.17,4.378355855797928,1.33,8.408536585365853,0,1000.0,,,,,240.0,121.11800619261376,149.85117035570025,1.0
506,124,previous_db,False,82.0,201.0,12.35,3.5142566781611158,0.89,5.280487804878049,0,1000.0,,,,,215.0,107.64842942489706,120.4035851645084,1.0
507,105,previous_db,False,100.0,150.0,33.15,5.757603668193912,0.56,7.7,0,1000.0,,,,,174.0,190.00092105039917,176.97830693255972,1.0
508,181,previous_db,False,106.0,180.0,53.36,7.30479294709987,0.52,9.339622641509434,0,1000.0,,,,,361.0,292.3167759392492,237.0643477917611,1.0
509,182,previous_db,False,60.5,102.0,19.1,4.370354676682432,1.89,6.297520661157025,0,1000.0,,,,,105.0,56.715185227977095,84.0938925011529,1.0
510,111,previous_db,False,70.0,150.0,71.25,8.440971508067067,1.52,9.642857142857142,0,1000.0,,,,,258.0,171.58806881598736,177.73290280575668,1.0
511,111,previous_db,False,127.0,119.38,24.89,4.988987873306569,0.75,5.401574803149606,0,1000.0,,,,,201.0,206.06088055424468,251.47509463777632,1.0
512,183,previous_db,False,124.0,250.0,33.3,5.770615218501403,1.53,7.056451612903226,0,1000.0,,,,,483.0,353.25582781265183,423.3591859886576,1.0
513,21,previous_db,False,124.0,203.0,13.3,3.646916505762094,1.0,4.705645161290323,0,1000.0,,,,,254.0,195.19522502784665,250.6870399010604,1.0
514,27,previous_db,False,114.0,254.0,26.52,5.149757275833493,2.49,6.684210526315789,0,1000.0,,,,,512.0,285.17625475121207,377.56093215512914,1.0
515,184,previous_db,False,63.2,152.0,15.53,3.9408120990476063,0.89,5.632911392405063,0,1000.0,,,,,88.0,70.7487880001639,76.56231039233646,1.0
516,27,previous_db,False,114.0,254.0,25.21,5.020956084253277,3.73,6.684210526315789,0,1000.0,,,,,534.0,278.04367753350346,371.23891235993966,1.0
517,185,previous_db,False,172.0,158.65,31.07,5.574047003748713,0.46,3.976744186046512,0,1000.0,,,,,503.0,418.4480340318908,420.1492462782253,1.0
518,186,previous_db,False,101.0,109.96,11.54,3.3970575502926055,0.7,5.0,0,1000.0,,,,,183.0,95.54287953115292,124.68424804332328,1.0
519,62,previous_db,False,107.0,120.0,54.28,7.367496182557545,0.51,9.25233644859813,0,1000.0,,,,,318.0,236.21283150714507,212.61358712689963,1.0
520,62,previous_db,False,108.0,360.0,52.44,7.241546796092669,0.51,9.166666666666666,0,1000.0,,,,,287.0,483.1420984654544,325.2288757857098,1.0
521,187,previous_db,False,30.0,76.0,26.33,5.1312766442669995,1.77,5.516666666666667,0,1000.0,,,,,31.0,21.53904684197516,26.46711342001496,1.0
522,22,previous_db,False,107.0,100.0,34.02,5.8326666285670745,1.41,13.55140186915888,0,1000.0,,,,,211.0,170.5278077660944,244.1745331693828,1.0
523,93,previous_db,False,93.0,117.81,25.12,5.011985634456667,1.52,6.559139784946237,0,1000.0,,,,,214.0,129.7053546607927,184.88167104943125,1.0
524,160,previous_db,False,60.0,100.0,37.05,6.08687111741328,1.95,7.5,0,1000.0,,,,,135.0,77.1328307998611,103.815089537075,1.0
525,104,previous_db,False,40.5,100.0,31.88,5.646237685397241,1.99,6.666666666666667,0,1000.0,,,,,85.0,42.40962526591778,52.85453448160348,1.0
526,140,previous_db,False,80.0,179.86,13.71,3.702701716314724,1.34,4.81875,0,1000.0,,,,,181.0,101.60663758096308,131.0687942111784,1.0
527,188,previous_db,False,63.2,127.0,18.63,4.316248370981447,0.89,5.830696202531645,0,1000.0,,,,,88.0,68.48696951996384,75.54918156132571,1.0
528,111,previous_db,False,95.0,150.0,65.55,8.096295449154509,1.49,7.105263157894737,0,1000.0,,,,,356.0,248.742485084374,282.523367983686,1.0
529,19,previous_db,False,118.0,254.0,13.36,3.655133376499413,1.17,6.457627118644067,0,1000.0,,,,,302.0,211.7883697971601,265.4110257389885,1.0
530,48,previous_db,False,200.0,196.35,23.77,4.8754486972995625,0.34,5.32,0,1000.0,,,,,489.0,510.149400070116,476.6225760315255,1.0
531,116,previous_db,False,120.0,235.62,25.2,5.019960159204453,1.11,5.875,0,1000.0,,,,,332.0,282.7753999197,321.3436971013749,1.0
532,189,previous_db,False,240.0,392.7,26.18,5.1166395221864125,1.31,4.479166666666667,0,1000.0,,,,,1662.0,1025.5759511777503,1231.457617178102,1.0
533,104,previous_db,False,40.5,100.0,31.88,5.646237685397241,0.6,6.666666666666667,0,1000.0,,,,,49.0,42.40962526591778,35.44173522559852,1.0
534,22,previous_db,False,107.0,100.0,37.28,6.105735008989499,0.53,13.55140186915888,0,1000.0,,,,,165.0,178.51142062262315,181.6769442298581,1.0
535,190,previous_db,False,173.0,157.87,31.07,5.574047003748713,0.45,3.956647398843931,0,1000.0,,,,,530.0,421.16090710128367,420.9245614923533,1.0
536,27,previous_db,False,114.3,254.0,24.76,4.975942121849892,1.15,6.675415573053368,0,1000.0,,,,,371.0,276.50131470912345,308.137740397768,1.0
537,111,previous_db,False,127.0,119.38,24.89,4.988987873306569,0.75,5.401574803149606,0,1000.0,,,,,203.0,206.06088055424468,251.47509463777632,1.0
538,191,previous_db,False,121.0,117.81,29.48,5.429548784199291,1.64,6.446280991735537,0,1000.0,,,,,334.0,207.097830672098,316.0707820539554,1.0
539,192,previous_db,False,201.0,196.35,103.36,10.166612021711067,0.61,5.348258706467662,0,1000.0,,,,,960.0,1071.8140760609112,952.4500670126477,1.0
540,47,previous_db,False,98.0,117.81,39.3,6.268971207462991,1.27,6.23469387755102,0,1000.0,,,,,286.0,175.01200764391564,221.17877099794535,1.0
541,79,previous_db,False,82.0,173.57,16.05,4.006245124802026,1.21,5.158536585365853,0,1000.0,,,,,201.0,110.82434544290156,136.8534311085535,1.0
542,193,previous_db,False,38.1,40.06,13.15,3.626292872893749,2.06,2.992125984251969,0,1000.0,,,,,24.0,14.254314414144822,26.0651147076211,1.0
543,97,previous_db,False,124.7,200.0,24.7,4.969909455915671,0.54,8.981555733761025,0,1000.0,,,,,258.0,265.62634713367703,252.0010187883252,1.0
544,122,previous_db,False,125.0,225.0,28.5,5.338539126015656,0.98,7.644,0,1000.0,,,,,306.0,308.3006345274041,337.3440899749556,1.0
545,194,previous_db,False,75.0,150.0,27.0,5.196152422706632,1.5,1.333333333333333,0,1000.0,,,,,235.0,115.74429521579022,143.02140046131512,1.0
546,195,previous_db,False,246.0,196.35,31.16,5.582114294781145,0.55,1.117886178861789,0,1000.0,,,,,1356.0,801.8142944340199,841.6431020240467,1.0
547,196,previous_db,False,38.1,80.11,13.15,3.626292872893749,2.06,2.322834645669291,0,1000.0,,,,,36.0,21.5583739367459,32.59955766337806,1.0
548,104,previous_db,False,40.5,100.0,28.8,5.366563145999495,0.56,6.666666666666667,0,1000.0,,,,,49.0,40.30895344281119,33.48255780817845,1.0
549,62,previous_db,False,107.0,120.0,52.44,7.241546796092669,0.51,9.25233644859813,0,1000.0,,,,,240.0,232.1747077719892,210.1835047282333,1.0
550,30,previous_db,False,77.0,200.0,30.3,5.504543577809154,0.92,10.58441558441558,0,1000.0,,,,,194.0,154.97646116184077,148.567321329499,1.0
551,197,previous_db,False,118.0,117.81,30.82,5.551576352712804,0.8,5.720338983050848,0,1000.0,,,,,285.0,203.90809814564423,241.6012725757423,1.0
552,37,previous_db,False,46.0,102.0,26.33,5.1312766442669995,1.62,5.315217391304348,0,1000.0,,,,,87.0,46.11252544030405,57.053536594674725,1.0
553,23,previous_db,False,60.0,78.54,27.23,5.2182372502599,1.56,3.825,0,1000.0,,,,,113.0,57.25641942115973,80.50204621527229,1.0
554,35,previous_db,False,123.0,225.0,35.34,5.94474557908074,1.94,7.76829268292683,0,1000.0,,,,,317.0,335.88573449240306,443.22789749876085,1.0
555,198,previous_db,False,132.7,200.0,31.54,5.616048432839588,0.5,8.440090429540318,0,1000.0,,,,,257.0,327.28680720843425,295.60917900468297,1.0
556,27,previous_db,False,114.0,254.0,18.53,4.304648650006177,2.49,6.684210526315789,0,1000.0,,,,,400.0,238.37697861787808,335.0330745683221,1.0
557,199,previous_db,False,100.0,117.81,30.82,5.551576352712804,1.25,6.11,0,1000.0,,,,,244.0,159.61292759073763,210.0855695366937,1.0
558,199,previous_db,False,271.0,300.0,12.3,3.5071355833500366,1.03,2.214022140221402,0,1000.0,,,,,1165.0,701.7752160382148,973.6315901352712,1.0
559,173,previous_db,False,80.77,119.38,13.78,3.712142238654117,1.5,2.358548966200322,0,1000.0,,,,,108.0,79.21441464091453,119.10100425885275,1.0
560,200,previous_db,False,172.0,704.5,22.89,4.784349485562275,1.17,3.991279069767442,0,1000.0,,,,,1107.0,948.8426772707828,922.4720594038624,1.0
561,27,previous_db,False,114.3,254.0,22.63,4.757099956906519,3.45,6.675415573053368,0,1000.0,,,,,334.0,264.34077408407734,359.61150960035684,1.0
562,114,previous_db,False,75.0,100.0,33.45,5.783597496368502,0.75,1.666666666666667,0,1000.0,,,,,172.0,100.2008266245843,106.11008703025878,1.0
563,49,previous_db,False,200.0,150.0,118.7,10.894952959971878,1.75,5.125,0,1000.0,,,,,1400.0,1006.6936535014016,1327.5354103744212,1.0
564,201,previous_db,False,80.0,251.33,38.0,6.164414002968976,1.8,4.6,0,1000.0,,,,,324.0,215.68327879335192,236.8153980986511,1.0
565,65,previous_db,False,100.0,200.0,70.97,8.424369412602939,2.26,5.0,0,1000.0,,,,,489.0,333.6050287390764,386.2143671167392,1.0
566,82,previous_db,False,127.0,225.0,54.24,7.364781055808788,1.03,7.523622047244094,0,1000.0,,,,,363.0,434.5904274609163,436.2386049548295,1.0
567,27,previous_db,False,114.0,254.0,32.81,5.728001396647874,3.73,6.684210526315789,0,1000.0,,,,,547.0,317.1974712616666,405.3199246042987,1.0
568,27,previous_db,False,100.0,200.0,34.12,5.841232746604093,0.56,7.45,0,1000.0,,,,,191.0,231.3128167655221,197.9364795020567,1.0
569,202,previous_db,False,121.0,304.5,24.8,4.979959839195493,0.79,7.086776859504132,0,1000.0,,,,,314.0,338.4423534371874,321.5869612211695,1.0
570,203,previous_db,False,400.0,300.0,37.43,6.118006211176971,0.76,1.84375,0,1000.0,,,,,2224.0,1983.2168330188283,2336.244801054268,1.0
571,59,previous_db,False,117.0,203.0,31.16,5.582114294781145,1.5,4.987179487179487,0,1000.0,,,,,411.0,275.87255413952,346.272022984864,1.0
572,204,previous_db,False,80.0,157.08,40.0,6.324555320336759,1.8,5.35,0,1000.0,,,,,288.0,158.33934075647835,195.72978850860892,1.0
573,205,previous_db,False,95.0,300.0,67.45,8.212794895770866,1.49,6.315789473684211,0,1000.0,,,,,560.0,406.8043695722183,380.6311447461747,1.0
574,86,previous_db,False,53.5,100.0,30.38,5.511805511808268,1.29,5.046728971962617,0,1000.0,,,,,124.0,59.74890875493863,70.15071211693379,1.0
575,170,previous_db,False,200.0,196.35,86.73,9.31289428695505,0.81,5.375,0,1000.0,,,,,1021.0,974.4677317675436,979.9938834476656,1.0
576,206,previous_db,False,83.0,80.11,37.99,6.163602842493991,1.75,4.283132530120482,0,1000.0,,,,,129.0,110.14562664607018,165.03973925572612,1.0
577,207,previous_db,False,90.0,180.64,31.82,5.640921910468181,0.58,3.722222222222222,0,1000.0,,,,,265.0,181.36710177487407,158.7040972176965,1.0
578,49,previous_db,False,200.0,150.0,86.48,9.299462350050137,1.75,5.125,0,1000.0,,,,,1300.0,859.2703211446325,1194.5411126675745,1.0
579,208,previous_db,False,109.0,360.0,57.96,7.6131465242697125,0.5,9.082568807339449,0,1000.0,,,,,446.0,513.7329957766934,338.65726284223115,1.0
580,83,previous_db,False,120.0,150.0,66.5,8.154753215150045,0.95,5.625,0,1000.0,,,,,489.0,348.76248550553714,362.68432354427694,1.0
581,209,previous_db,False,82.0,93.46,8.88,2.979932885150268,0.74,5.780487804878049,0,1000.0,,,,,117.0,56.594260760841166,77.64598997315979,1.0
582,210,previous_db,False,82.0,93.46,10.37,3.2202484376209237,1.04,9.03048780487805,0,1000.0,,,,,98.0,61.15828336322405,91.58861708468604,1.0
583,97,previous_db,False,124.7,200.0,33.53,5.790509476721371,0.54,8.981555733761025,0,1000.0,,,,,343.0,309.4848898129576,279.02802810371986,1.0
584,103,previous_db,False,51.0,152.0,13.62,3.690528417449187,2.2,7.470588235294118,0,1000.0,,,,,123.0,50.4346137317239,68.99179744073909,1.0
585,23,previous_db,False,60.0,78.54,24.75,4.9749371855331,1.56,3.825,0,1000.0,,,,,100.0,54.58684157655346,77.97991787254301,1.0
586,211,previous_db,False,38.1,80.11,13.15,3.626292872893749,2.06,3.661417322834645,0,1000.0,,,,,33.0,21.5583739367459,32.59955766337806,1.0
587,212,previous_db,False,99.0,320.0,31.16,5.582114294781145,1.43,6.464646464646465,0,1000.0,,,,,360.0,305.648221641598,318.9214314661401,1.0
588,59,previous_db,False,117.0,203.0,27.84,5.276362383309167,1.2,4.987179487179487,0,1000.0,,,,,394.0,260.7620500730457,309.60264371712606,1.0
589,23,previous_db,False,60.0,78.54,27.98,5.289612462175278,0.69,3.825,0,1000.0,,,,,82.0,58.03957451237324,61.89398422312784,1.0
590,90,previous_db,False,80.0,160.0,31.88,5.646237685397241,1.31,10.4375,0,1000.0,,,,,236.0,143.09824789870768,164.40057616258954,1.0
591,213,previous_db,False,200.0,196.35,32.7,5.718391382198319,0.98,6.2375,0,1000.0,,,,,825.0,598.3518880242564,754.3910362832298,1.0
592,27,previous_db,False,114.0,254.0,12.12,3.481379037105842,3.73,6.684210526315789,0,1000.0,,,,,356.0,192.78707364135687,290.82389256515256,1.0
593,97,previous_db,False,124.7,200.0,33.53,5.790509476721371,0.54,8.981555733761025,0,1000.0,,,,,304.0,309.4848898129576,279.02802810371986,1.0
594,83,previous_db,False,120.0,150.0,28.5,5.338539126015656,0.95,5.625,0,1000.0,,,,,396.0,228.3186413414376,273.4449176738657,1.0
595,27,previous_db,False,114.3,254.0,33.4,5.779273310719955,3.45,6.675415573053368,0,1000.0,,,,,374.0,321.1405256223802,409.4374409238962,1.0
596,84,previous_db,False,35.0,100.0,28.95,5.380520420925842,1.97,7.714285714285714,0,1000.0,,,,,73.0,33.55830586531448,40.73145206342555,1.0
597,49,previous_db,False,200.0,150.0,80.1,8.949860334105779,2.62,5.125,0,1000.0,,,,,1250.0,826.967094871374,1217.4113943612836,1.0
598,90,previous_db,False,80.0,160.0,24.52,4.951767361255979,1.31,10.4375,0,1000.0,,,,,190.0,125.49759200367154,150.6274253920593,1.0
599,214,previous_db,False,95.5,94.25,24.0,4.898979485566356,0.85,3.036649214659686,0,1000.0,,,,,181.0,117.1830259121064,148.151242156676,1.0
600,215,previous_db,False,92.0,200.0,17.39,4.170131892398609,1.48,8.26086956521739,0,1000.0,,,,,210.0,147.87487856776303,191.2801192563284,1.0
601,104,previous_db,False,40.5,100.0,31.88,5.646237685397241,0.69,6.666666666666667,0,1000.0,,,,,52.0,42.40962526591778,37.13193574213515,1.0
602,160,previous_db,False,60.0,100.0,37.05,6.08687111741328,1.1,7.5,0,1000.0,,,,,120.0,77.1328307998611,85.7787751918657,1.0
603,216,previous_db,False,200.0,200.0,37.43,6.118006211176971,0.83,2.625,0,1000.0,,,,,904.0,646.0614559002881,749.9330693921959,1.0
604,217,previous_db,False,173.0,707.64,22.89,4.784349485562275,1.16,3.956647398843931,0,1000.0,,,,,1079.0,959.382436902342,929.8528210156736,1.0
605,217,previous_db,False,123.0,235.62,24.23,4.922397789695587,0.54,5.73170731707317,0,1000.0,,,,,258.0,286.609285151505,259.61639147044554,1.0
606,27,previous_db,False,114.3,254.0,22.14,4.705316142407437,1.05,6.675415573053368,0,1000.0,,,,,389.0,261.4632701985767,287.99461801358814,1.0
607,218,previous_db,False,194.0,196.35,81.42,9.023303164584464,0.83,5.541237113402062,0,1000.0,,,,,889.0,901.9768556268834,916.934066978228,1.0
608,114,previous_db,False,75.0,100.0,26.4,5.138093031466052,1.5,1.666666666666667,0,1000.0,,,,,185.0,89.01746177014935,123.54806205341832,1.0
609,199,previous_db,False,100.0,117.81,35.25,5.937171043518958,1.25,6.11,0,1000.0,,,,,294.0,170.6991296985301,219.70421288418265,1.0
610,104,previous_db,False,40.5,100.0,32.62,5.711392124517454,0.88,6.666666666666667,0,1000.0,,,,,57.0,42.89900872822678,40.577068241374725,1.0
611,97,previous_db,False,124.7,200.0,24.7,4.969909455915671,0.73,8.981555733761025,0,1000.0,,,,,319.0,265.62634713367703,278.64119883753267,1.0
612,83,previous_db,False,120.0,150.0,65.55,8.096295449154509,1.12,5.625,0,1000.0,,,,,436.0,346.26236376944007,381.3091911019766,1.0
613,98,previous_db,False,210.0,260.0,29.3,5.412947441089743,0.33,5.952380952380953,0,1000.0,,,,,550.0,705.2204444149361,585.3825145447031,1.0
614,19,previous_db,False,118.0,253.7,23.9,4.888762624632126,1.15,6.470000000000001,0,1000.0,,,,,365.0,283.0397618056006,320.19274841718953,1.0
615,19,previous_db,False,118.0,254.0,27.6,5.253570214625479,1.15,6.470000000000001,0,1000.0,,,,,356.0,304.406147946384,336.091215430565,1.0
616,19,previous_db,False,118.0,254.0,34.3,5.856620185738529,1.15,6.470000000000001,0,1000.0,,,,,351.0,339.3485035685956,361.342329959226,1.0
617,19,previous_db,False,118.0,254.0,19.3,4.39317652729776,1.15,6.470000000000001,0,1000.0,,,,,356.0,254.55259743178644,298.31372623977643,1.0
618,134,previous_db,False,118.0,356.36,24.8,4.979959839195493,1.15,6.029999999999999,0,1000.0,,,,,400.0,367.95087439420377,377.45860504789965,1.0
619,134,previous_db,False,121.0,355.74,24.9,4.9899899799498595,0.5,5.88,0,1000.0,,,,,236.0,379.9623518961558,297.1714003950099,1.0
620,27,previous_db,False,114.0,254.22,42.5,6.519202405202649,0.5,6.69,0,1000.0,,,,,200.0,361.22734678718695,278.43783234448506,1.0
621,27,previous_db,False,114.0,254.22,22.1,4.701063709417263,1.1,6.69,0,1000.0,,,,,389.0,260.4847441882029,291.20819038689564,1.0
622,27,previous_db,False,114.0,254.22,21.5,4.636809247747852,2.0,6.69,0,1000.0,,,,,364.0,256.9244208134359,352.1800503070957,1.0
623,27,previous_db,False,114.0,254.22,23.3,4.8270073544588685,1.1,6.69,0,1000.0,,,,,393.0,267.46324951989493,296.3863064929677,1.0
624,27,previous_db,False,114.0,254.22,24.1,4.909175083453431,2.0,6.69,0,1000.0,,,,,378.0,272.0161424800134,365.8397953059895,1.0
625,27,previous_db,False,114.0,254.22,33.0,5.744562646538029,2.6,6.69,0,1000.0,,,,,374.0,318.3047548279349,406.2467607830628,1.0
626,27,previous_db,False,114.0,254.22,19.5,4.415880433163924,2.6,6.69,0,1000.0,,,,,312.0,244.68281140163083,340.9024598451975,1.0
627,52,previous_db,False,114.0,203.0,21.1,4.5934736311423405,1.1,6.92,0,1000.0,,,,,343.0,219.1186141085329,262.7633725507588,1.0
628,52,previous_db,False,114.0,202.92,21.9,4.679743582719036,1.1,6.92,0,1000.0,,,,,378.0,223.17754051669047,266.0052002681846,1.0
629,219,previous_db,False,114.0,264.48,24.8,4.979959839195493,1.1,6.65,0,1000.0,,,,,372.0,283.6269912867771,307.68497498938007,1.0
630,219,previous_db,False,114.0,305.52,19.8,4.449719092257398,1.5,6.470000000000001,0,1000.0,,,,,443.0,280.9079611912938,337.3904807350239,1.0
631,220,previous_db,False,127.0,254.0,28.1,5.300943312279429,1.54,7.0,0,1000.0,,,,,463.0,338.57570214766946,419.2534199748518,1.0
632,220,previous_db,False,127.0,254.0,28.6,5.347896782848375,1.56,7.0,0,1000.0,,,,,440.0,341.57465975382337,423.5432949447611,1.0
633,220,previous_db,False,127.0,508.0,33.2,5.761944116355173,1.52,7.0,0,1000.0,,,,,579.0,613.3670179077711,612.9507294800976,1.0
634,220,previous_db,False,127.0,508.0,33.4,5.779273310719955,1.52,7.0,0,1000.0,,,,,581.0,615.2117349087742,614.1790909408966,1.0
635,221,previous_db,False,75.0,50.25,32.6,5.709640969448079,1.17,6.33,0,1000.0,,,,,140.0,70.79812061091381,103.92642482583877,1.0
636,221,previous_db,False,75.0,50.25,35.0,5.916079783099616,1.17,6.33,0,1000.0,,,,,130.0,73.35791029048947,106.41662196897975,1.0
637,177,previous_db,False,75.0,99.75,30.7,5.540758070878027,1.17,6.0,0,1000.0,,,,,200.0,95.8564998157076,119.50571242967824,1.0
638,177,previous_db,False,75.0,99.75,33.2,5.761944116355173,1.17,6.0,0,1000.0,,,,,160.0,99.6830736989736,122.66534971583322,1.0
639,222,previous_db,False,75.0,150.0,30.5,5.522680508593631,1.17,5.67,0,1000.0,,,,,204.0,123.0177083289231,137.11277450013296,1.0
640,222,previous_db,False,75.0,150.0,32.2,5.674504383644443,1.17,5.67,0,1000.0,,,,,220.0,126.39958514567998,139.61430853167263,1.0
641,223,previous_db,False,75.0,200.25,30.9,5.558776843874918,1.17,5.33,0,1000.0,,,,,240.0,151.47527930138057,155.65448254825026,1.0
642,223,previous_db,False,75.0,200.25,28.9,5.375872022286245,1.17,5.33,0,1000.0,,,,,235.0,146.4911686392946,152.22106396090706,1.0
643,177,previous_db,False,75.0,99.75,29.1,5.394441583704471,0.47,6.0,0,1000.0,,,,,118.0,93.32518800848328,86.61854185410212,1.0
644,177,previous_db,False,75.0,99.75,31.2,5.585696017507576,0.47,6.0,0,1000.0,,,,,132.0,96.63393752688545,88.65394585609735,1.0
645,177,previous_db,False,75.0,99.75,31.9,5.648008498577175,1.55,6.0,0,1000.0,,,,,210.0,97.71195902750978,132.93970577939743,1.0
646,177,previous_db,False,75.0,99.75,30.9,5.558776843874918,1.86,6.0,0,1000.0,,,,,200.0,96.16822909324704,139.7776476641603,1.0
647,177,previous_db,False,75.0,99.75,31.2,5.585696017507576,1.86,6.0,0,1000.0,,,,,223.0,96.63393752688545,140.22854642475158,1.0
648,177,previous_db,False,75.0,99.75,31.2,5.585696017507576,1.86,6.0,0,1000.0,,,,,220.0,96.63393752688545,140.22854642475158,1.0
649,177,previous_db,False,75.0,99.75,32.3,5.683308895353129,1.18,6.0,0,1000.0,,,,,170.0,98.32266471683296,121.89206354462236,1.0
650,177,previous_db,False,75.0,99.75,31.1,5.576737397439475,1.18,6.0,0,1000.0,,,,,190.0,96.47895116005228,120.363475161841,1.0
651,177,previous_db,False,75.0,99.75,28.0,5.291502622129181,0.92,6.0,0,1000.0,,,,,169.0,91.54431823849038,106.9701338139488,1.0
652,177,previous_db,False,75.0,99.75,28.8,5.366563145999495,0.92,6.0,0,1000.0,,,,,160.0,92.84288406657777,107.9793456213421,1.0
653,224,previous_db,False,75.0,99.75,29.2,5.403702434442518,1.17,9.33,0,1000.0,,,,,189.0,93.4854030414642,117.52677632208348,1.0
654,225,previous_db,False,75.0,99.75,29.4,5.422176684690384,1.17,12.67,0,1000.0,,,,,192.0,93.80501218931482,117.79449199956544,1.0
655,225,previous_db,False,75.0,99.75,34.1,5.8395205282625735,1.17,12.67,0,1000.0,,,,,160.0,101.0251650190746,123.7639038589538,1.0
656,226,previous_db,False,75.0,99.75,31.6,5.621387729022079,1.17,3.75,0,1000.0,,,,,150.0,97.2514130590142,120.6622911912752,1.0
657,227,previous_db,False,120.0,99.6,29.0,5.385164807134504,1.17,3.75,0,1000.0,,,,,301.0,187.3210191568432,266.6148300722636,1.0
658,228,previous_db,False,120.0,99.6,31.1,5.576737397439475,1.17,3.53,0,1000.0,,,,,292.0,193.98480274446905,272.9009828676136,1.0
659,229,previous_db,False,170.0,299.2,39.6,6.29285308902091,0.79,3.53,0,1000.0,,,,,660.0,662.5649366063162,642.744413106482,1.0
660,229,previous_db,False,170.0,299.2,41.8,6.465291950097845,0.79,3.53,0,1000.0,,,,,660.0,680.720762182038,654.43322848643,1.0
661,229,previous_db,False,170.0,299.2,35.4,5.9497899122574065,1.19,3.53,0,1000.0,,,,,750.0,626.4443361809157,709.7645306885871,1.0
662,229,previous_db,False,170.0,299.2,39.3,6.268971207462991,1.19,3.53,0,1000.0,,,,,750.0,660.0504495975431,734.9267499805409,1.0
663,229,previous_db,False,170.0,299.2,39.3,6.268971207462991,1.09,3.53,0,1000.0,,,,,635.0,660.0504495975431,713.735394272804,1.0
664,229,previous_db,False,170.0,299.2,39.3,6.268971207462991,1.09,3.53,0,1000.0,,,,,600.0,660.0504495975431,713.735394272804,1.0
665,229,previous_db,False,120.0,300.0,36.7,6.058052492344384,3.37,5.0,0,1000.0,,,,,400.0,403.0301162106872,489.8074606383045,1.0
666,229,previous_db,False,120.0,300.0,41.3,6.4265076052238514,3.37,5.0,0,1000.0,,,,,660.0,427.5426979603324,509.4716923130852,1.0
667,229,previous_db,False,120.0,300.0,39.2,6.260990336999411,2.11,5.0,0,1000.0,,,,,540.0,416.53116513989687,500.6859410359392,1.0
668,229,previous_db,False,120.0,300.0,39.7,6.300793600809346,2.11,5.0,0,1000.0,,,,,710.0,419.1791966746441,502.80572050870353,1.0
669,229,previous_db,False,120.0,300.0,40.8,6.387487769068525,1.12,5.0,0,1000.0,,,,,600.0,424.9467863005909,418.23409853917934,1.0
670,229,previous_db,False,120.0,300.0,44.7,6.685805860178712,1.12,5.0,0,1000.0,,,,,600.0,444.7932922659693,431.15678467951614,1.0
671,230,previous_db,False,120.0,99.6,17.9,4.230839160261236,0.99,5.83,0,1000.0,,,,,190.0,147.1682170875894,214.7100755469221,1.0
672,230,previous_db,False,120.0,99.6,22.4,4.732863826479693,0.99,5.83,0,1000.0,,,,,240.0,164.6309643731186,231.37552677636955,1.0
673,230,previous_db,False,120.0,99.6,42.8,6.54217089351845,0.99,5.83,0,1000.0,,,,,312.0,227.5670593495176,287.11067315835504,1.0
674,230,previous_db,False,120.0,99.6,41.8,6.465291950097845,0.99,5.83,0,1000.0,,,,,341.0,224.89285297905155,284.8569642619434,1.0
675,231,previous_db,False,79.0,199.87,28.9,5.375872022286245,0.8,10.32,0,1000.0,,,,,186.0,156.33338824955578,145.20591769817818,1.0
676,232,previous_db,False,125.0,250.0,26.0,5.0990195135927845,1.06,3.8,0,1000.0,,,,,450.4,315.5018324035536,349.44051404934635,1.0
677,232,previous_db,False,125.0,250.0,26.0,5.0990195135927845,0.96,3.8,0,1000.0,,,,,427.0,315.5018324035536,338.0869271382622,1.0
678,232,previous_db,False,80.0,250.4,43.1,6.565059024867941,1.32,5.94,0,1000.0,,,,,302.4,229.05648499180847,222.29893185377037,1.0
679,232,previous_db,False,95.0,249.85,27.5,5.244044240850758,1.32,5.0,0,1000.0,,,,,307.0,226.77444551975597,248.3557673157821,1.0
680,232,previous_db,False,95.0,249.85,27.5,5.244044240850758,1.06,5.0,0,1000.0,,,,,306.4,226.77444551975597,230.84380684799976,1.0
681,233,previous_db,False,93.0,199.95,29.5,5.431390245600108,1.24,5.38,0,1000.0,,,,,274.0,195.32659982578417,218.7741613861899,1.0
682,233,previous_db,False,93.0,199.95,31.4,5.60357029044876,1.32,5.38,0,1000.0,,,,,277.0,201.5186319202157,228.07761021346928,1.0
683,233,previous_db,False,93.0,199.95,21.2,4.604345773288535,1.32,5.38,0,1000.0,,,,,249.0,165.5839782544114,200.08662470337725,1.0
684,233,previous_db,False,93.0,199.95,29.5,5.431390245600108,0.91,5.38,0,1000.0,,,,,240.0,195.32659982578417,197.3343078882856,1.0
685,233,previous_db,False,93.0,199.95,19.2,4.381780460041329,0.58,5.38,0,1000.0,,,,,170.0,157.57996382901558,147.17177736662288,1.0
686,234,previous_db,False,172.0,201.24,31.0,5.5677643628300215,0.46,3.98,0,1000.0,,,,,503.0,471.81463266249904,445.4137479839556,1.0
687,234,previous_db,False,176.0,202.4,31.0,5.5677643628300215,0.45,3.89,0,1000.0,,,,,537.0,489.4615415467785,460.8197211369088,1.0
688,234,previous_db,False,175.0,406.0,31.0,5.5677643628300215,0.65,3.9,0,1000.0,,,,,799.0,747.25522289978,655.4148019421438,1.0
689,235,previous_db,False,109.0,224.54,34.6,5.882176467941097,0.96,8.14,0,1000.0,,,,,301.0,282.2840910961645,286.06689625979294,1.0
690,235,previous_db,False,109.0,224.54,48.5,6.96419413859206,0.96,8.14,0,1000.0,,,,,363.0,334.209832592425,320.15194944309894,1.0
691,235,previous_db,False,109.0,224.54,55.0,7.416198487095663,0.96,8.14,0,1000.0,,,,,443.0,355.9014015863615,333.85903540332185,1.0
692,236,previous_db,False,121.0,300.08,35.2,5.932958789676531,1.0,10.12,0,1000.0,,,,,423.0,399.020535864715,388.42468916916425,1.0
693,237,previous_db,False,190.0,400.9,21.9,4.679743582719036,0.81,5.26,0,1000.0,,,,,615.0,693.5273291435925,711.9843332322638,1.0
694,238,previous_db,False,90.0,250.2,24.6,4.959838707054898,1.06,6.94,0,1000.0,,,,,230.0,200.45565082304103,204.81717138905037,1.0
695,238,previous_db,False,90.0,250.2,26.0,5.0990195135927845,2.0,6.94,0,1000.0,,,,,316.8,206.08074889668276,257.8025177708727,1.0
696,238,previous_db,False,130.0,249.6,24.6,4.959838707054898,0.98,4.81,0,1000.0,,,,,443.2,323.0807190807835,355.8416522461994,1.0
697,239,previous_db,False,168.0,199.92,30.2,5.495452665613635,0.5,5.36,0,1000.0,,,,,586.6,448.3736488638944,435.131956828802,1.0
698,239,previous_db,False,164.0,200.08,29.8,5.458937625582473,1.3,5.49,0,1000.0,,,,,805.3,430.251837521113,571.5863246555226,1.0
699,239,previous_db,False,168.0,199.92,28.3,5.319774431308154,0.5,5.36,0,1000.0,,,,,522.3,434.0400724081469,425.8083209582293,1.0
700,239,previous_db,False,164.0,200.08,26.7,5.167204273105526,1.3,5.49,0,1000.0,,,,,796.8,407.2585704097293,551.0362400426623,1.0
701,240,previous_db,False,98.0,249.9,32.2,5.674504383644443,1.57,4.850000000000001,0,1000.0,,,,,356.0,255.3773473110425,291.04956977269626,1.0
702,240,previous_db,False,128.0,249.6,32.9,5.735852159879995,1.2,3.71,0,1000.0,,,,,470.0,365.9433297604232,409.0362491309282,1.0
703,240,previous_db,False,158.0,249.64,34.3,5.856620185738529,0.97,3.01,0,1000.0,,,,,646.0,497.9146116084146,545.9092676724653,1.0
704,241,previous_db,False,88.0,350.24,27.9,5.282045058497703,1.75,4.83,0,1000.0,,,,,408.0,268.88756601480964,290.25901422620484,1.0
705,240,previous_db,False,98.0,249.9,31.4,5.60357029044876,1.57,4.850000000000001,0,1000.0,,,,,360.0,252.18500497953588,288.6189797223041,1.0
706,240,previous_db,False,99.0,250.47,37.8,6.148170459575759,1.14,4.8,0,1000.0,,,,,357.0,280.7791957347777,280.6317447079436,1.0
707,240,previous_db,False,100.0,250.0,40.2,6.340346993658944,0.79,4.75,0,1000.0,,,,,293.0,292.9240311070432,257.2657262428187,1.0
708,240,previous_db,False,98.0,249.9,44.3,6.6558245169174945,1.57,4.850000000000001,0,1000.0,,,,,412.0,299.5410161629888,323.70512834236047,1.0
709,240,previous_db,False,99.0,250.47,44.7,6.685805860178712,1.14,4.8,0,1000.0,,,,,354.0,305.3323268446556,296.7622834221859,1.0
710,98,previous_db,False,210.0,260.4,38.4,6.196773353931867,0.25,5.95,0,1000.0,,,,,440.0,808.0275178731433,584.2406990471552,1.0
711,98,previous_db,False,210.0,260.4,32.0,5.656854249492381,0.25,5.95,0,1000.0,,,,,408.0,737.624831040049,549.7915473420111,1.0
712,98,previous_db,False,210.0,260.4,34.1,5.8395205282625735,0.75,5.95,0,1000.0,,,,,763.0,761.4435785403348,809.9159349535673,1.0
713,242,previous_db,False,117.0,129.87,34.1,5.8395205282625735,0.28,5.34,0,1000.0,,,,,140.0,222.64107972351331,177.7965516687366,1.0
714,242,previous_db,False,117.0,129.87,34.1,5.8395205282625735,0.22,5.34,0,1000.0,,,,,115.0,222.64107972351331,164.06334055905344,1.0
715,243,previous_db,False,196.0,260.68,57.5,7.582875444051551,0.82,6.38,0,1000.0,,,,,989.0,895.9337921512896,893.6430891025041,1.0
716,243,previous_db,False,212.0,260.76,56.7,7.52994023880668,1.48,5.899999999999999,0,1000.0,,,,,1433.0,996.1896965159413,1220.8859740315015,1.0
717,243,previous_db,False,206.0,259.56,43.4,6.587867636800241,0.78,6.07,0,1000.0,,,,,860.0,833.9915988883728,863.7156259293688,1.0
718,243,previous_db,False,201.0,259.29,46.5,6.819090848492928,1.56,6.22,0,1000.0,,,,,1094.0,832.7756245475234,1073.9047910989957,1.0
719,243,previous_db,False,199.0,260.69,38.9,6.23698645180507,0.81,6.28,0,1000.0,,,,,839.0,753.124653737312,801.7930153739863,1.0
720,243,previous_db,False,194.0,259.96,37.8,6.148170459575759,1.61,6.44,0,1000.0,,,,,1102.0,714.7252881051731,955.368439138324,1.0
721,244,previous_db,False,162.5,250.25,31.2,5.585696017507576,0.52,4.86,0,1000.0,,,,,479.0,494.5288986980311,450.6598054600886,1.0
722,244,previous_db,False,157.5,250.43,32.8,5.727128425310541,2.17,5.02,0,1000.0,,,,,678.0,485.71001294582754,681.6610577495343,1.0
723,244,previous_db,False,162.5,250.25,50.7,7.12039324756716,0.65,4.86,0,1000.0,,,,,675.0,630.4031261242025,570.7377747820756,1.0
724,244,previous_db,False,160.0,249.6,51.4,7.1693793315739685,0.98,4.94,0,1000.0,,,,,798.0,620.2052259137217,640.0941450881987,1.0
725,244,previous_db,False,157.5,250.43,51.4,7.1693793315739685,1.13,5.02,0,1000.0,,,,,811.0,608.0253609405527,654.557382048006,1.0
726,244,previous_db,False,157.5,250.43,55.0,7.416198487095663,1.67,5.02,0,1000.0,,,,,802.0,628.9577595740302,762.5943639097761,1.0
727,244,previous_db,False,137.5,250.25,56.4,7.5099933422074345,2.48,5.749963636363637,0,1000.0,,,,,788.0,528.5279851970294,652.6675604687086,1.0
728,244,previous_db,False,127.5,249.9,57.1,7.556454194925025,2.68,6.2,0,1000.0,,,,,801.0,479.9589183556197,579.3984666422493,1.0
729,245,previous_db,False,105.0,250.0,44.7,6.685805860178712,0.45,9.523809523809524,0,1000.0,,,,,219.0,328.9617057383732,238.4443495159502,1.0
730,246,previous_db,False,105.0,250.0,32.3,5.683308895353129,0.4,7.52,0,1000.0,,,,,228.0,279.63584757806,205.7316902647365,1.0
731,246,previous_db,False,112.5,249.75,57.1,7.556454194925025,1.88,7.02,0,1000.0,,,,,481.0,406.4928415185712,464.40049244181154,1.0
732,247,previous_db,False,193.0,129.31,35.3,5.941380311005179,1.63,6.81,0,1000.0,,,,,682.0,487.85681154109056,789.2919884311887,1.0
733,98,previous_db,False,210.0,260.4,33.5,5.787918451395113,1.5,5.95,0,1000.0,,,,,974.0,754.7149319194516,1014.4097581929932,1.0
734,248,previous_db,False,197.0,520.08,35.5,5.958187643906492,1.59,5.69,0,1000.0,,,,,1324.0,1111.020170767869,1239.4174130196384,1.0
735,249,previous_db,False,267.0,339.09,30.5,5.522680508593631,1.58,4.53,0,1000.0,,,,,1625.0,1160.144168622937,1537.190687284654,1.0
736,250,previous_db,False,353.0,441.25,31.7,5.630275304103699,1.5,3.29,0,1000.0,,,,,2491.0,1897.4128492921088,2501.866764787298,1.0
737,251,previous_db,False,150.0,250.5,24.5,4.949747468305833,0.86,7.0,0,1000.0,,,,,473.0,392.5100244891842,430.5815087670562,1.0
738,251,previous_db,False,150.0,250.5,22.6,4.753945729601885,1.28,7.0,0,1000.0,,,,,600.0,376.9831424116999,478.5639712561189,1.0
739,251,previous_db,False,150.0,250.5,39.4,6.276941930590086,0.86,7.0,0,1000.0,,,,,723.0,497.7552181538632,504.4662168776736,1.0
740,251,previous_db,False,150.0,250.5,35.9,5.991660871578097,1.28,7.0,0,1000.0,,,,,801.0,475.1327154552715,558.3870479596491,1.0
741,252,previous_db,False,150.0,250.5,26.4,5.138093031466052,0.86,5.0,0,1000.0,,,,,678.0,407.4456393022265,441.4362454773097,1.0
742,252,previous_db,False,150.0,250.5,25.8,5.079370039680118,1.28,5.0,0,1000.0,,,,,692.0,402.7889647765937,500.1616877973472,1.0
743,252,previous_db,False,150.0,250.5,34.8,5.89915248150105,0.86,5.0,0,1000.0,,,,,691.0,467.7968926305518,484.0160484579311,1.0
744,252,previous_db,False,150.0,250.5,34.0,5.830951894845301,1.28,5.0,0,1000.0,,,,,855.0,462.3886543093375,548.3571268227184,1.0
745,253,previous_db,False,200.0,450.0,34.6,5.882176467941097,1.07,5.13,0,1000.0,,,,,974.0,1009.3814818986922,1035.0456753819092,1.0
746,254,previous_db,False,105.0,236.25,33.6,5.796550698475776,1.0,6.33,0,1000.0,,,,,289.2,274.1609075234834,276.20906151123285,1.0
747,254,previous_db,False,104.2,200.06,100.7,10.03493896344168,0.94,6.38003838771593,0,1000.0,,,,,412.9,419.9535398830821,360.6624557191945,1.0
748,254,previous_db,False,101.6,200.15,104.3,10.21273714534943,1.24,6.550000000000001,0,1000.0,,,,,429.0,413.2920697681957,384.24344788869,1.0
749,254,previous_db,False,101.7,200.35,103.9,10.193134944657606,1.48,6.540019665683382,0,1000.0,,,,,460.9,413.3153150285815,407.8688687099617,1.0
750,255,previous_db,False,96.0,129.6,40.3,6.348228099241551,1.5,7.140000000000001,0,1000.0,,,,,393.9,181.48334804441663,233.93978659972356,1.0
751,255,previous_db,False,96.0,129.6,37.8,6.148170459575759,1.5,7.140000000000001,0,1000.0,,,,,361.3,175.7640938398065,228.99869493836337,1.0
752,255,previous_db,False,96.0,129.6,39.4,6.276941930590086,1.5,7.140000000000001,0,1000.0,,,,,385.2,179.44541677385115,232.1851721523288,1.0
753,256,previous_db,False,197.0,260.04,32.9,5.735852159879995,1.59,2.93,0,1000.0,,,,,985.0,681.6984670542498,932.500775284222,1.0
754,257,previous_db,False,204.0,259.08,32.2,5.674504383644443,1.54,8.09,0,1000.0,,,,,961.0,707.6003826612944,966.4937317509076,1.0
